setting,input_seed_group,cycle,rank,world_size,backend,tokens,hidden_size,intermediate_size,num_experts,local_experts,top_k,dtype,warmup,iters,full_forward_us,rank0_forward_us,rank1_forward_us,critical_path_us,rank_distinct_inputs,weight_seed,input_seed_base,input_seed_rank0,input_seed_rank1,input_tokens,received_tokens_rank0,received_tokens_rank1,ep_ignore_enabled_rank0,ep_ignore_enabled_rank1,ep_ignore_num_tokens_rank0,ep_ignore_num_tokens_rank1,valid_route_pairs_rank0,valid_route_pairs_rank1,invalid_route_pairs_rank0,invalid_route_pairs_rank1,assignment_stats_rank0,assignment_stats_rank1,topk_us,dispatch_us,combine_us,expert_tokens_min,expert_tokens_max,expert_tokens_mean,expert_tokens_cv,expert_tokens_zero
baseline,1007,1,0,2,deepep_high_throughput,128,2048,768,128,64,8,torch.bfloat16,20,100,1446.2374877929688,1446.2374877929688,1446.2716674804688,1446.2716674804688,True,7,1007,1007,1008,128,254,255,False,False,254,255,1029,1019,1003,1021,64:5120/64/16,64:5120/64/16,41.679039001464844,,,3,16,8.0,0.36275583505630493,0
global_ignore,1007,1,0,2,deepep_high_throughput,128,2048,768,128,64,8,torch.bfloat16,20,100,1420.1091003417969,1420.1091003417969,1420.1213073730469,1420.1213073730469,True,7,1007,1007,1008,128,254,255,True,True,254,255,1029,1019,1003,1021,64:4096/64/0,64:4096/64/0,41.84512138366699,,,3,16,8.0,0.36275583505630493,0
baseline,1007,1,0,2,deepep_high_throughput,192,2048,768,128,64,8,torch.bfloat16,20,100,1464.9920654296875,1464.9920654296875,1465.0070190429688,1465.0070190429688,True,7,1007,1007,1008,192,382,383,False,False,382,383,1558,1514,1498,1550,64:5632/64/24,64:5696/64/25,42.95360088348389,,,5,20,12.0,0.2738216519355774,0
global_ignore,1007,1,0,2,deepep_high_throughput,192,2048,768,128,64,8,torch.bfloat16,20,100,1420.5229187011719,1420.5229187011719,1420.5215454101562,1420.5229187011719,True,7,1007,1007,1008,192,382,383,True,True,382,383,1558,1514,1498,1550,64:4096/64/0,64:4096/64/0,41.29055976867676,,,5,20,12.0,0.2738216519355774,0
baseline,1007,1,0,2,deepep_high_throughput,256,2048,768,128,64,8,torch.bfloat16,20,100,1485.9405517578125,1485.9405517578125,1485.9561157226562,1485.9561157226562,True,7,1007,1007,1008,256,510,509,False,False,510,509,2062,2034,2018,2038,64:6144/64/32,64:6144/64/32,41.63136005401611,,,7,27,16.0,0.24569039046764374,0
global_ignore,1007,1,0,2,deepep_high_throughput,256,2048,768,128,64,8,torch.bfloat16,20,100,1451.9711303710938,1451.9711303710938,1451.9488525390625,1451.9711303710938,True,7,1007,1007,1008,256,510,509,True,True,510,509,2062,2034,2018,2038,64:4096/64/0,64:4096/64/0,41.52768135070801,,,7,27,16.0,0.24569039046764374,0
baseline,1007,1,0,2,deepep_high_throughput,320,2048,768,128,64,8,torch.bfloat16,20,100,1670.2531433105469,1670.2531433105469,1670.2735900878906,1670.2735900878906,True,7,1007,1007,1008,320,638,637,False,False,638,637,2571,2549,2533,2547,128:10752/64/20,128:10752/64/20,43.22400093078613,,,10,33,20.0,0.2156929224729538,0
global_ignore,1007,1,0,2,deepep_high_throughput,320,2048,768,128,64,8,torch.bfloat16,20,100,1599.3881225585938,1599.3881225585938,1599.4224548339844,1599.4224548339844,True,7,1007,1007,1008,320,638,637,True,True,638,637,2571,2549,2533,2547,128:8192/64/0,128:8192/64/0,40.95071792602539,,,10,33,20.0,0.2156929224729538,0
baseline,1007,1,0,2,deepep_high_throughput,384,2048,768,128,64,8,torch.bfloat16,20,100,1701.2760925292969,1701.2760925292969,1701.2966918945312,1701.2966918945312,True,7,1007,1007,1008,384,766,765,False,False,766,765,3063,3081,3065,3039,128:11264/64/24,128:11264/64/24,40.63807964324951,,,11,40,24.0,0.2043233960866928,0
global_ignore,1007,1,0,2,deepep_high_throughput,384,2048,768,128,64,8,torch.bfloat16,20,100,1625.5381774902344,1625.5381774902344,1625.565185546875,1625.565185546875,True,7,1007,1007,1008,384,766,765,True,True,766,765,3063,3081,3065,3039,128:8192/64/0,128:8192/64/0,41.77408218383789,,,11,40,24.0,0.2043233960866928,0
baseline,1007,1,0,2,deepep_high_throughput,448,2048,768,128,64,8,torch.bfloat16,20,100,2247.2866821289062,2247.2866821289062,2247.2799682617188,2247.2866821289062,True,7,1007,1007,1008,448,896,890,False,False,896,890,3659,3509,3509,3611,128:11776/64/28,128:11904/64/29,88.02080154418945,,,18,43,28.0,0.1833077371120453,0
global_ignore,1007,1,0,2,deepep_high_throughput,448,2048,768,128,64,8,torch.bfloat16,20,100,1640.9111022949219,1640.9111022949219,1640.9132385253906,1640.9132385253906,True,7,1007,1007,1008,448,896,890,True,True,896,890,3659,3509,3509,3611,128:8192/64/0,128:8192/64/0,42.02239990234375,,,18,43,28.0,0.1833077371120453,0
baseline,1007,1,0,2,deepep_high_throughput,512,2048,768,128,64,8,torch.bfloat16,20,100,1734.0988159179688,1734.0988159179688,1734.1244506835938,1734.1244506835938,True,7,1007,1007,1008,512,1024,1017,False,False,1024,1017,4176,4016,4016,4120,128:12288/64/32,128:12416/64/33,44.566078186035156,,,22,48,32.0,0.17517255246639252,0
global_ignore,1007,1,0,2,deepep_high_throughput,512,2048,768,128,64,8,torch.bfloat16,20,100,1651.8608093261719,1651.8608093261719,1651.8672180175781,1651.8672180175781,True,7,1007,1007,1008,512,1024,1017,True,True,1024,1017,4176,4016,4016,4120,128:8192/64/0,128:8192/64/0,41.00351810455322,,,22,48,32.0,0.17517255246639252,0
baseline,1007,1,0,2,deepep_high_throughput,640,2048,768,128,64,8,torch.bfloat16,20,100,1758.5238647460938,1758.5238647460938,1758.5594177246094,1758.5594177246094,True,7,1007,1007,1008,640,1279,1271,False,False,1279,1271,5217,5023,5015,5145,128:13312/64/40,128:13440/64/41,41.711997985839844,,,26,59,40.0,0.15534110367298126,0
global_ignore,1007,1,0,2,deepep_high_throughput,640,2048,768,128,64,8,torch.bfloat16,20,100,1707.3709106445312,1707.3709106445312,1707.4249267578125,1707.4249267578125,True,7,1007,1007,1008,640,1279,1271,True,True,1279,1271,5217,5023,5015,5145,128:8192/64/0,128:8192/64/0,44.5747184753418,,,26,59,40.0,0.15534110367298126,0
baseline,1007,1,0,2,deepep_high_throughput,768,2048,768,128,64,8,torch.bfloat16,20,100,1800.7667541503906,1800.7667541503906,1800.80322265625,1800.80322265625,True,7,1007,1007,1008,768,1535,1526,False,False,1535,1526,6234,6054,6046,6154,128:14336/64/48,128:14464/64/49,40.79552173614502,,,32,69,48.0,0.1397542506456375,0
global_ignore,1007,1,0,2,deepep_high_throughput,768,2048,768,128,64,8,torch.bfloat16,20,100,1703.6627197265625,1703.6627197265625,1703.668212890625,1703.668212890625,True,7,1007,1007,1008,768,1535,1526,True,True,1535,1526,6234,6054,6046,6154,128:8192/64/0,128:8192/64/0,75.52768230438232,,,32,69,48.0,0.1397542506456375,0
global_ignore,1007,2,0,2,deepep_high_throughput,128,2048,768,128,64,8,torch.bfloat16,20,100,1433.4355163574219,1433.4355163574219,1433.609619140625,1433.609619140625,True,7,1007,1007,1008,128,254,255,True,True,254,255,1029,1019,1003,1021,64:4096/64/0,64:4096/64/0,41.78783893585205,,,3,16,8.0,0.36275583505630493,0
baseline,1007,2,0,2,deepep_high_throughput,128,2048,768,128,64,8,torch.bfloat16,20,100,1453.3544921875,1453.3544921875,1453.3750915527344,1453.3750915527344,True,7,1007,1007,1008,128,254,255,False,False,254,255,1029,1019,1003,1021,64:5120/64/16,64:5120/64/16,43.0185604095459,,,3,16,8.0,0.36275583505630493,0
global_ignore,1007,2,0,2,deepep_high_throughput,192,2048,768,128,64,8,torch.bfloat16,20,100,1421.7904663085938,1421.7904663085938,1421.9882202148438,1421.9882202148438,True,7,1007,1007,1008,192,382,383,True,True,382,383,1558,1514,1498,1550,64:4096/64/0,64:4096/64/0,41.11743927001953,,,5,20,12.0,0.2738216519355774,0
baseline,1007,2,0,2,deepep_high_throughput,192,2048,768,128,64,8,torch.bfloat16,20,100,1504.3577575683594,1504.3577575683594,1504.1944885253906,1504.3577575683594,True,7,1007,1007,1008,192,382,383,False,False,382,383,1558,1514,1498,1550,64:5632/64/24,64:5696/64/25,42.8879976272583,,,5,20,12.0,0.2738216519355774,0
global_ignore,1007,2,0,2,deepep_high_throughput,256,2048,768,128,64,8,torch.bfloat16,20,100,1494.439697265625,1494.439697265625,1490.5520629882812,1494.439697265625,True,7,1007,1007,1008,256,510,509,True,True,510,509,2062,2034,2018,2038,64:4096/64/0,64:4096/64/0,39.99583959579468,,,7,27,16.0,0.24569039046764374,0
baseline,1007,2,0,2,deepep_high_throughput,256,2048,768,128,64,8,torch.bfloat16,20,100,1493.7286376953125,1493.7286376953125,1493.7382507324219,1493.7382507324219,True,7,1007,1007,1008,256,510,509,False,False,510,509,2062,2034,2018,2038,64:6144/64/32,64:6144/64/32,42.73183822631836,,,7,27,16.0,0.24569039046764374,0
global_ignore,1007,2,0,2,deepep_high_throughput,320,2048,768,128,64,8,torch.bfloat16,20,100,1626.5373229980469,1626.5373229980469,1626.7762756347656,1626.7762756347656,True,7,1007,1007,1008,320,638,637,True,True,638,637,2571,2549,2533,2547,128:8192/64/0,128:8192/64/0,42.42015838623047,,,10,33,20.0,0.2156929224729538,0
baseline,1007,2,0,2,deepep_high_throughput,320,2048,768,128,64,8,torch.bfloat16,20,100,1677.0246887207031,1677.0246887207031,1677.0402526855469,1677.0402526855469,True,7,1007,1007,1008,320,638,637,False,False,638,637,2571,2549,2533,2547,128:10752/64/20,128:10752/64/20,41.206722259521484,,,10,33,20.0,0.2156929224729538,0
global_ignore,1007,2,0,2,deepep_high_throughput,384,2048,768,128,64,8,torch.bfloat16,20,100,1652.2557067871094,1652.2557067871094,1652.2694396972656,1652.2694396972656,True,7,1007,1007,1008,384,766,765,True,True,766,765,3063,3081,3065,3039,128:8192/64/0,128:8192/64/0,40.48704147338867,,,11,40,24.0,0.2043233960866928,0
baseline,1007,2,0,2,deepep_high_throughput,384,2048,768,128,64,8,torch.bfloat16,20,100,1706.6947937011719,1706.6947937011719,1706.7030334472656,1706.7030334472656,True,7,1007,1007,1008,384,766,765,False,False,766,765,3063,3081,3065,3039,128:11264/64/24,128:11264/64/24,42.227840423583984,,,11,40,24.0,0.2043233960866928,0
global_ignore,1007,2,0,2,deepep_high_throughput,448,2048,768,128,64,8,torch.bfloat16,20,100,1665.6938171386719,1665.6938171386719,1665.8271789550781,1665.8271789550781,True,7,1007,1007,1008,448,896,890,True,True,896,890,3659,3509,3509,3611,128:8192/64/0,128:8192/64/0,41.798081398010254,,,18,43,28.0,0.1833077371120453,0
baseline,1007,2,0,2,deepep_high_throughput,448,2048,768,128,64,8,torch.bfloat16,20,100,1730.9368896484375,1730.9368896484375,1730.831298828125,1730.9368896484375,True,7,1007,1007,1008,448,896,890,False,False,896,890,3659,3509,3509,3611,128:11776/64/28,128:11904/64/29,39.75775957107544,,,18,43,28.0,0.1833077371120453,0
global_ignore,1007,2,0,2,deepep_high_throughput,512,2048,768,128,64,8,torch.bfloat16,20,100,1672.2114562988281,1672.2114562988281,1672.3094177246094,1672.3094177246094,True,7,1007,1007,1008,512,1024,1017,True,True,1024,1017,4176,4016,4016,4120,128:8192/64/0,128:8192/64/0,43.25183868408203,,,22,48,32.0,0.17517255246639252,0
baseline,1007,2,0,2,deepep_high_throughput,512,2048,768,128,64,8,torch.bfloat16,20,100,1726.5193176269531,1726.5193176269531,1726.5440368652344,1726.5440368652344,True,7,1007,1007,1008,512,1024,1017,False,False,1024,1017,4176,4016,4016,4120,128:12288/64/32,128:12416/64/33,43.39456081390381,,,22,48,32.0,0.17517255246639252,0
global_ignore,1007,2,0,2,deepep_high_throughput,640,2048,768,128,64,8,torch.bfloat16,20,100,1674.4837951660156,1674.4837951660156,1674.4671630859375,1674.4837951660156,True,7,1007,1007,1008,640,1279,1271,True,True,1279,1271,5217,5023,5015,5145,128:8192/64/0,128:8192/64/0,41.90432071685791,,,26,59,40.0,0.15534110367298126,0
baseline,1007,2,0,2,deepep_high_throughput,640,2048,768,128,64,8,torch.bfloat16,20,100,1756.5058898925781,1756.5058898925781,1756.4874267578125,1756.5058898925781,True,7,1007,1007,1008,640,1279,1271,False,False,1279,1271,5217,5023,5015,5145,128:13312/64/40,128:13440/64/41,42.59871959686279,,,26,59,40.0,0.15534110367298126,0
global_ignore,1007,2,0,2,deepep_high_throughput,768,2048,768,128,64,8,torch.bfloat16,20,100,1695.0944519042969,1695.0944519042969,1695.177001953125,1695.177001953125,True,7,1007,1007,1008,768,1535,1526,True,True,1535,1526,6234,6054,6046,6154,128:8192/64/0,128:8192/64/0,41.52383804321289,,,32,69,48.0,0.1397542506456375,0
baseline,1007,2,0,2,deepep_high_throughput,768,2048,768,128,64,8,torch.bfloat16,20,100,1811.3705444335938,1811.3705444335938,1811.3650512695312,1811.3705444335938,True,7,1007,1007,1008,768,1535,1526,False,False,1535,1526,6234,6054,6046,6154,128:14336/64/48,128:14464/64/49,41.54751777648926,,,32,69,48.0,0.1397542506456375,0
baseline,1007,3,0,2,deepep_high_throughput,128,2048,768,128,64,8,torch.bfloat16,20,100,1454.7683715820312,1454.7683715820312,1454.7865295410156,1454.7865295410156,True,7,1007,1007,1008,128,254,255,False,False,254,255,1029,1019,1003,1021,64:5120/64/16,64:5120/64/16,42.60416030883789,,,3,16,8.0,0.36275583505630493,0
global_ignore,1007,3,0,2,deepep_high_throughput,128,2048,768,128,64,8,torch.bfloat16,20,100,1397.9855346679688,1397.9855346679688,1397.9466247558594,1397.9855346679688,True,7,1007,1007,1008,128,254,255,True,True,254,255,1029,1019,1003,1021,64:4096/64/0,64:4096/64/0,41.32192134857178,,,3,16,8.0,0.36275583505630493,0
baseline,1007,3,0,2,deepep_high_throughput,192,2048,768,128,64,8,torch.bfloat16,20,100,1473.0680847167969,1473.0680847167969,1473.0717468261719,1473.0717468261719,True,7,1007,1007,1008,192,382,383,False,False,382,383,1558,1514,1498,1550,64:5632/64/24,64:5696/64/25,40.347838401794434,,,5,20,12.0,0.2738216519355774,0
global_ignore,1007,3,0,2,deepep_high_throughput,192,2048,768,128,64,8,torch.bfloat16,20,100,1412.2486877441406,1412.2486877441406,1412.2575378417969,1412.2575378417969,True,7,1007,1007,1008,192,382,383,True,True,382,383,1558,1514,1498,1550,64:4096/64/0,64:4096/64/0,41.63712024688721,,,5,20,12.0,0.2738216519355774,0
baseline,1007,3,0,2,deepep_high_throughput,256,2048,768,128,64,8,torch.bfloat16,20,100,2075.0685119628906,2075.0685119628906,2074.9229431152344,2075.0685119628906,True,7,1007,1007,1008,256,510,509,False,False,510,509,2062,2034,2018,2038,64:6144/64/32,64:6144/64/32,41.17248058319092,,,7,27,16.0,0.24569039046764374,0
global_ignore,1007,3,0,2,deepep_high_throughput,256,2048,768,128,64,8,torch.bfloat16,20,100,1459.9699401855469,1459.9699401855469,1459.7007751464844,1459.9699401855469,True,7,1007,1007,1008,256,510,509,True,True,510,509,2062,2034,2018,2038,64:4096/64/0,64:4096/64/0,40.198397636413574,,,7,27,16.0,0.24569039046764374,0
baseline,1007,3,0,2,deepep_high_throughput,320,2048,768,128,64,8,torch.bfloat16,20,100,1655.7606506347656,1655.7606506347656,1655.8087158203125,1655.8087158203125,True,7,1007,1007,1008,320,638,637,False,False,638,637,2571,2549,2533,2547,128:10752/64/20,128:10752/64/20,41.97023868560791,,,10,33,20.0,0.2156929224729538,0
global_ignore,1007,3,0,2,deepep_high_throughput,320,2048,768,128,64,8,torch.bfloat16,20,100,1648.9830017089844,1648.9830017089844,1649.1539001464844,1649.1539001464844,True,7,1007,1007,1008,320,638,637,True,True,638,637,2571,2549,2533,2547,128:8192/64/0,128:8192/64/0,41.73439979553223,,,10,33,20.0,0.2156929224729538,0
baseline,1007,3,0,2,deepep_high_throughput,384,2048,768,128,64,8,torch.bfloat16,20,100,1696.8722534179688,1696.8722534179688,1696.9084167480469,1696.9084167480469,True,7,1007,1007,1008,384,766,765,False,False,766,765,3063,3081,3065,3039,128:11264/64/24,128:11264/64/24,42.439680099487305,,,11,40,24.0,0.2043233960866928,0
global_ignore,1007,3,0,2,deepep_high_throughput,384,2048,768,128,64,8,torch.bfloat16,20,100,1627.2294616699219,1627.2294616699219,1627.244873046875,1627.244873046875,True,7,1007,1007,1008,384,766,765,True,True,766,765,3063,3081,3065,3039,128:8192/64/0,128:8192/64/0,41.328959465026855,,,11,40,24.0,0.2043233960866928,0
baseline,1007,3,0,2,deepep_high_throughput,448,2048,768,128,64,8,torch.bfloat16,20,100,1709.5689392089844,1709.5689392089844,1709.3522644042969,1709.5689392089844,True,7,1007,1007,1008,448,896,890,False,False,896,890,3659,3509,3509,3611,128:11776/64/28,128:11904/64/29,40.617918968200684,,,18,43,28.0,0.1833077371120453,0
global_ignore,1007,3,0,2,deepep_high_throughput,448,2048,768,128,64,8,torch.bfloat16,20,100,1647.1559143066406,1647.1559143066406,1647.0892333984375,1647.1559143066406,True,7,1007,1007,1008,448,896,890,True,True,896,890,3659,3509,3509,3611,128:8192/64/0,128:8192/64/0,41.25279903411865,,,18,43,28.0,0.1833077371120453,0
baseline,1007,3,0,2,deepep_high_throughput,512,2048,768,128,64,8,torch.bfloat16,20,100,1721.2809753417969,1721.2809753417969,1721.397705078125,1721.397705078125,True,7,1007,1007,1008,512,1024,1017,False,False,1024,1017,4176,4016,4016,4120,128:12288/64/32,128:12416/64/33,40.43776035308838,,,22,48,32.0,0.17517255246639252,0
global_ignore,1007,3,0,2,deepep_high_throughput,512,2048,768,128,64,8,torch.bfloat16,20,100,1668.970947265625,1668.970947265625,1668.9503479003906,1668.970947265625,True,7,1007,1007,1008,512,1024,1017,True,True,1024,1017,4176,4016,4016,4120,128:8192/64/0,128:8192/64/0,39.70560073852539,,,22,48,32.0,0.17517255246639252,0
baseline,1007,3,0,2,deepep_high_throughput,640,2048,768,128,64,8,torch.bfloat16,20,100,1773.68896484375,1773.68896484375,1773.5763549804688,1773.68896484375,True,7,1007,1007,1008,640,1279,1271,False,False,1279,1271,5217,5023,5015,5145,128:13312/64/40,128:13440/64/41,41.97279930114746,,,26,59,40.0,0.15534110367298126,0
global_ignore,1007,3,0,2,deepep_high_throughput,640,2048,768,128,64,8,torch.bfloat16,20,100,1672.7842712402344,1672.7842712402344,1672.7952575683594,1672.7952575683594,True,7,1007,1007,1008,640,1279,1271,True,True,1279,1271,5217,5023,5015,5145,128:8192/64/0,128:8192/64/0,40.68704128265381,,,26,59,40.0,0.15534110367298126,0
baseline,1007,3,0,2,deepep_high_throughput,768,2048,768,128,64,8,torch.bfloat16,20,100,1823.7823486328125,1823.7823486328125,1823.9433288574219,1823.9433288574219,True,7,1007,1007,1008,768,1535,1526,False,False,1535,1526,6234,6054,6046,6154,128:14336/64/48,128:14464/64/49,41.06112003326416,,,32,69,48.0,0.1397542506456375,0
global_ignore,1007,3,0,2,deepep_high_throughput,768,2048,768,128,64,8,torch.bfloat16,20,100,1720.1875305175781,1720.1875305175781,1720.1939392089844,1720.1939392089844,True,7,1007,1007,1008,768,1535,1526,True,True,1535,1526,6234,6054,6046,6154,128:8192/64/0,128:8192/64/0,41.146240234375,,,32,69,48.0,0.1397542506456375,0
baseline,2007,1,0,2,deepep_high_throughput,128,2048,768,128,64,8,torch.bfloat16,20,100,1458.189697265625,1458.189697265625,1458.2284545898438,1458.2284545898438,True,7,2007,2007,2008,128,255,255,False,False,255,255,1042,1006,998,1034,64:5120/64/16,64:5184/64/17,40.70784091949463,,,3,18,8.0,0.33693528175354004,0
global_ignore,2007,1,0,2,deepep_high_throughput,128,2048,768,128,64,8,torch.bfloat16,20,100,1405.8908081054688,1405.8908081054688,1405.8892822265625,1405.8908081054688,True,7,2007,2007,2008,128,255,255,True,True,255,255,1042,1006,998,1034,64:4096/64/0,64:4096/64/0,41.03360176086426,,,3,18,8.0,0.33693528175354004,0
baseline,2007,1,0,2,deepep_high_throughput,192,2048,768,128,64,8,torch.bfloat16,20,100,1651.318359375,1651.318359375,1651.3510131835938,1651.3510131835938,True,7,2007,2007,2008,192,383,383,False,False,383,383,1540,1532,1524,1532,64:5632/64/24,64:5632/64/24,42.219200134277344,,,4,21,12.0,0.27203258872032166,0
global_ignore,2007,1,0,2,deepep_high_throughput,192,2048,768,128,64,8,torch.bfloat16,20,100,1429.1459655761719,1429.1459655761719,1429.1696166992188,1429.1696166992188,True,7,2007,2007,2008,192,383,383,True,True,383,383,1540,1532,1524,1532,64:4096/64/0,64:4096/64/0,63.8643217086792,,,4,21,12.0,0.27203258872032166,0
baseline,2007,1,0,2,deepep_high_throughput,256,2048,768,128,64,8,torch.bfloat16,20,100,1585.7986450195312,1585.7986450195312,1586.5151977539062,1586.5151977539062,True,7,2007,2007,2008,256,510,510,False,False,510,510,2050,2046,2030,2034,64:6144/64/32,64:6144/64/32,42.971839904785156,,,8,25,16.0,0.20992232859134674,0
global_ignore,2007,1,0,2,deepep_high_throughput,256,2048,768,128,64,8,torch.bfloat16,20,100,1448.4188842773438,1448.4188842773438,1448.1245422363281,1448.4188842773438,True,7,2007,2007,2008,256,510,510,True,True,510,510,2050,2046,2030,2034,64:4096/64/0,64:4096/64/0,40.960001945495605,,,8,25,16.0,0.20992232859134674,0
baseline,2007,1,0,2,deepep_high_throughput,320,2048,768,128,64,8,torch.bfloat16,20,100,1667.6502990722656,1667.6502990722656,1667.3394775390625,1667.6502990722656,True,7,2007,2007,2008,320,638,638,False,False,638,638,2570,2550,2534,2554,128:10752/64/20,128:10752/64/20,39.974400997161865,,,11,32,20.0,0.19911915063858032,0
global_ignore,2007,1,0,2,deepep_high_throughput,320,2048,768,128,64,8,torch.bfloat16,20,100,1631.5324401855469,1631.5324401855469,1631.54296875,1631.54296875,True,7,2007,2007,2008,320,638,638,True,True,638,638,2570,2550,2534,2554,128:8192/64/0,128:8192/64/0,43.349761962890625,,,11,32,20.0,0.19911915063858032,0
baseline,2007,1,0,2,deepep_high_throughput,384,2048,768,128,64,8,torch.bfloat16,20,100,1753.3389282226562,1753.3389282226562,1753.2185363769531,1753.3389282226562,True,7,2007,2007,2008,384,766,766,False,False,766,766,3087,3057,3041,3071,128:11264/64/24,128:11264/64/24,43.00735950469971,,,13,38,24.0,0.17944200336933136,0
global_ignore,2007,1,0,2,deepep_high_throughput,384,2048,768,128,64,8,torch.bfloat16,20,100,1630.1834106445312,1630.1834106445312,1630.0201416015625,1630.1834106445312,True,7,2007,2007,2008,384,766,766,True,True,766,766,3087,3057,3041,3071,128:8192/64/0,128:8192/64/0,41.374077796936035,,,13,38,24.0,0.17944200336933136,0
baseline,2007,1,0,2,deepep_high_throughput,448,2048,768,128,64,8,torch.bfloat16,20,100,1719.40185546875,1719.40185546875,1719.407958984375,1719.407958984375,True,7,2007,2007,2008,448,894,892,False,False,894,892,3598,3570,3554,3566,128:11776/64/28,128:11776/64/28,42.950401306152344,,,16,44,28.0,0.2023262232542038,0
global_ignore,2007,1,0,2,deepep_high_throughput,448,2048,768,128,64,8,torch.bfloat16,20,100,1678.1741333007812,1678.1741333007812,1678.272705078125,1678.272705078125,True,7,2007,2007,2008,448,894,892,True,True,894,892,3598,3570,3554,3566,128:8192/64/0,128:8192/64/0,47.135682106018066,,,16,44,28.0,0.2023262232542038,0
baseline,2007,1,0,2,deepep_high_throughput,512,2048,768,128,64,8,torch.bfloat16,20,100,1713.0540466308594,1713.0540466308594,1713.0450439453125,1713.0540466308594,True,7,2007,2007,2008,512,1021,1019,False,False,1021,1019,4136,4056,4032,4096,128:12288/64/32,128:12288/64/32,40.86463928222656,,,17,50,32.0,0.19795092940330505,0
global_ignore,2007,1,0,2,deepep_high_throughput,512,2048,768,128,64,8,torch.bfloat16,20,100,1669.9618530273438,1669.9618530273438,1669.9894714355469,1669.9894714355469,True,7,2007,2007,2008,512,1021,1019,True,True,1021,1019,4136,4056,4032,4096,128:8192/64/0,128:8192/64/0,41.87136173248291,,,17,50,32.0,0.19795092940330505,0
baseline,2007,1,0,2,deepep_high_throughput,640,2048,768,128,64,8,torch.bfloat16,20,100,1762.66845703125,1762.66845703125,1762.8048706054688,1762.8048706054688,True,7,2007,2007,2008,640,1276,1274,False,False,1276,1274,5124,5116,5084,5076,128:13312/64/40,128:13312/64/40,41.28928184509277,,,23,62,40.0,0.18130387365818024,0
global_ignore,2007,1,0,2,deepep_high_throughput,640,2048,768,128,64,8,torch.bfloat16,20,100,1670.4985046386719,1670.4985046386719,1670.5722045898438,1670.5722045898438,True,7,2007,2007,2008,640,1276,1274,True,True,1276,1274,5124,5116,5084,5076,128:8192/64/0,128:8192/64/0,42.0579195022583,,,23,62,40.0,0.18130387365818024,0
baseline,2007,1,0,2,deepep_high_throughput,768,2048,768,128,64,8,torch.bfloat16,20,100,1784.9420166015625,1784.9420166015625,1784.7996520996094,1784.9420166015625,True,7,2007,2007,2008,768,1532,1528,False,False,1532,1528,6171,6117,6085,6107,128:14336/64/48,128:14336/64/48,42.72575855255127,,,30,73,48.0,0.16118508577346802,0
global_ignore,2007,1,0,2,deepep_high_throughput,768,2048,768,128,64,8,torch.bfloat16,20,100,1756.5391540527344,1756.5391540527344,1756.5394592285156,1756.5394592285156,True,7,2007,2007,2008,768,1532,1528,True,True,1532,1528,6171,6117,6085,6107,128:8192/64/0,128:8192/64/0,44.02656078338623,,,30,73,48.0,0.16118508577346802,0
global_ignore,2007,2,0,2,deepep_high_throughput,128,2048,768,128,64,8,torch.bfloat16,20,100,1412.3493957519531,1412.3493957519531,1412.3747253417969,1412.3747253417969,True,7,2007,2007,2008,128,255,255,True,True,255,255,1042,1006,998,1034,64:4096/64/0,64:4096/64/0,39.82975959777832,,,3,18,8.0,0.33693528175354004,0
baseline,2007,2,0,2,deepep_high_throughput,128,2048,768,128,64,8,torch.bfloat16,20,100,1439.0789794921875,1439.0789794921875,1439.06494140625,1439.0789794921875,True,7,2007,2007,2008,128,255,255,False,False,255,255,1042,1006,998,1034,64:5120/64/16,64:5184/64/17,43.05312156677246,,,3,18,8.0,0.33693528175354004,0
global_ignore,2007,2,0,2,deepep_high_throughput,192,2048,768,128,64,8,torch.bfloat16,20,100,1420.9178161621094,1420.9178161621094,1420.9318542480469,1420.9318542480469,True,7,2007,2007,2008,192,383,383,True,True,383,383,1540,1532,1524,1532,64:4096/64/0,64:4096/64/0,41.64544105529785,,,4,21,12.0,0.27203258872032166,0
baseline,2007,2,0,2,deepep_high_throughput,192,2048,768,128,64,8,torch.bfloat16,20,100,1474.5100402832031,1474.5100402832031,1474.5237731933594,1474.5237731933594,True,7,2007,2007,2008,192,383,383,False,False,383,383,1540,1532,1524,1532,64:5632/64/24,64:5632/64/24,41.323838233947754,,,4,21,12.0,0.27203258872032166,0
global_ignore,2007,2,0,2,deepep_high_throughput,256,2048,768,128,64,8,torch.bfloat16,20,100,1544.1218566894531,1544.1218566894531,1544.1130065917969,1544.1218566894531,True,7,2007,2007,2008,256,510,510,True,True,510,510,2050,2046,2030,2034,64:4096/64/0,64:4096/64/0,39.739840030670166,,,8,25,16.0,0.20992232859134674,0
baseline,2007,2,0,2,deepep_high_throughput,256,2048,768,128,64,8,torch.bfloat16,20,100,1501.9587707519531,1501.9587707519531,1501.9772338867188,1501.9772338867188,True,7,2007,2007,2008,256,510,510,False,False,510,510,2050,2046,2030,2034,64:6144/64/32,64:6144/64/32,43.84255886077881,,,8,25,16.0,0.20992232859134674,0
global_ignore,2007,2,0,2,deepep_high_throughput,320,2048,768,128,64,8,torch.bfloat16,20,100,1627.9930114746094,1627.9930114746094,1628.0152893066406,1628.0152893066406,True,7,2007,2007,2008,320,638,638,True,True,638,638,2570,2550,2534,2554,128:8192/64/0,128:8192/64/0,41.03583812713623,,,11,32,20.0,0.19911915063858032,0
baseline,2007,2,0,2,deepep_high_throughput,320,2048,768,128,64,8,torch.bfloat16,20,100,1648.8552856445312,1648.8552856445312,1648.8764953613281,1648.8764953613281,True,7,2007,2007,2008,320,638,638,False,False,638,638,2570,2550,2534,2554,128:10752/64/20,128:10752/64/20,41.764798164367676,,,11,32,20.0,0.19911915063858032,0
global_ignore,2007,2,0,2,deepep_high_throughput,384,2048,768,128,64,8,torch.bfloat16,20,100,1618.5093688964844,1618.5093688964844,1618.5395812988281,1618.5395812988281,True,7,2007,2007,2008,384,766,766,True,True,766,766,3087,3057,3041,3071,128:8192/64/0,128:8192/64/0,39.786880016326904,,,13,38,24.0,0.17944200336933136,0
baseline,2007,2,0,2,deepep_high_throughput,384,2048,768,128,64,8,torch.bfloat16,20,100,1677.5900268554688,1677.5900268554688,1677.6419067382812,1677.6419067382812,True,7,2007,2007,2008,384,766,766,False,False,766,766,3087,3057,3041,3071,128:11264/64/24,128:11264/64/24,40.991997718811035,,,13,38,24.0,0.17944200336933136,0
global_ignore,2007,2,0,2,deepep_high_throughput,448,2048,768,128,64,8,torch.bfloat16,20,100,1647.9158020019531,1647.9158020019531,1647.9107666015625,1647.9158020019531,True,7,2007,2007,2008,448,894,892,True,True,894,892,3598,3570,3554,3566,128:8192/64/0,128:8192/64/0,41.19647979736328,,,16,44,28.0,0.2023262232542038,0
baseline,2007,2,0,2,deepep_high_throughput,448,2048,768,128,64,8,torch.bfloat16,20,100,1693.10302734375,1693.10302734375,1693.0947875976562,1693.10302734375,True,7,2007,2007,2008,448,894,892,False,False,894,892,3598,3570,3554,3566,128:11776/64/28,128:11776/64/28,39.79487895965576,,,16,44,28.0,0.2023262232542038,0
global_ignore,2007,2,0,2,deepep_high_throughput,512,2048,768,128,64,8,torch.bfloat16,20,100,1653.275146484375,1653.275146484375,1653.2879638671875,1653.2879638671875,True,7,2007,2007,2008,512,1021,1019,True,True,1021,1019,4136,4056,4032,4096,128:8192/64/0,128:8192/64/0,39.17184114456177,,,17,50,32.0,0.19795092940330505,0
baseline,2007,2,0,2,deepep_high_throughput,512,2048,768,128,64,8,torch.bfloat16,20,100,1720.7688903808594,1720.7688903808594,1720.771484375,1720.771484375,True,7,2007,2007,2008,512,1021,1019,False,False,1021,1019,4136,4056,4032,4096,128:12288/64/32,128:12288/64/32,42.84543991088867,,,17,50,32.0,0.19795092940330505,0
global_ignore,2007,2,0,2,deepep_high_throughput,640,2048,768,128,64,8,torch.bfloat16,20,100,1681.6120910644531,1681.6120910644531,1681.593017578125,1681.6120910644531,True,7,2007,2007,2008,640,1276,1274,True,True,1276,1274,5124,5116,5084,5076,128:8192/64/0,128:8192/64/0,90.23391723632812,,,23,62,40.0,0.18130387365818024,0
baseline,2007,2,0,2,deepep_high_throughput,640,2048,768,128,64,8,torch.bfloat16,20,100,1748.5673522949219,1748.5673522949219,1748.570556640625,1748.570556640625,True,7,2007,2007,2008,640,1276,1274,False,False,1276,1274,5124,5116,5084,5076,128:13312/64/40,128:13312/64/40,40.910401344299316,,,23,62,40.0,0.18130387365818024,0
global_ignore,2007,2,0,2,deepep_high_throughput,768,2048,768,128,64,8,torch.bfloat16,20,100,1712.4954223632812,1712.4954223632812,1712.5296020507812,1712.5296020507812,True,7,2007,2007,2008,768,1532,1528,True,True,1532,1528,6171,6117,6085,6107,128:8192/64/0,128:8192/64/0,42.14719772338867,,,30,73,48.0,0.16118508577346802,0
baseline,2007,2,0,2,deepep_high_throughput,768,2048,768,128,64,8,torch.bfloat16,20,100,1766.2054443359375,1766.2054443359375,1766.2342834472656,1766.2342834472656,True,7,2007,2007,2008,768,1532,1528,False,False,1532,1528,6171,6117,6085,6107,128:14336/64/48,128:14336/64/48,42.04383850097656,,,30,73,48.0,0.16118508577346802,0
baseline,2007,3,0,2,deepep_high_throughput,128,2048,768,128,64,8,torch.bfloat16,20,100,1445.0534057617188,1445.0534057617188,1445.0633239746094,1445.0633239746094,True,7,2007,2007,2008,128,255,255,False,False,255,255,1042,1006,998,1034,64:5120/64/16,64:5184/64/17,40.1632022857666,,,3,18,8.0,0.33693528175354004,0
global_ignore,2007,3,0,2,deepep_high_throughput,128,2048,768,128,64,8,torch.bfloat16,20,100,1416.9667053222656,1416.9667053222656,1416.9696044921875,1416.9696044921875,True,7,2007,2007,2008,128,255,255,True,True,255,255,1042,1006,998,1034,64:4096/64/0,64:4096/64/0,41.63328170776367,,,3,18,8.0,0.33693528175354004,0
baseline,2007,3,0,2,deepep_high_throughput,192,2048,768,128,64,8,torch.bfloat16,20,100,1449.8194885253906,1449.8194885253906,1449.8258972167969,1449.8258972167969,True,7,2007,2007,2008,192,383,383,False,False,383,383,1540,1532,1524,1532,64:5632/64/24,64:5632/64/24,41.522560119628906,,,4,21,12.0,0.27203258872032166,0
global_ignore,2007,3,0,2,deepep_high_throughput,192,2048,768,128,64,8,torch.bfloat16,20,100,1421.7424011230469,1421.7424011230469,1421.7350769042969,1421.7424011230469,True,7,2007,2007,2008,192,383,383,True,True,383,383,1540,1532,1524,1532,64:4096/64/0,64:4096/64/0,41.85887813568115,,,4,21,12.0,0.27203258872032166,0
baseline,2007,3,0,2,deepep_high_throughput,256,2048,768,128,64,8,torch.bfloat16,20,100,1479.0777587890625,1479.0777587890625,1479.0730285644531,1479.0777587890625,True,7,2007,2007,2008,256,510,510,False,False,510,510,2050,2046,2030,2034,64:6144/64/32,64:6144/64/32,40.07487773895264,,,8,25,16.0,0.20992232859134674,0
global_ignore,2007,3,0,2,deepep_high_throughput,256,2048,768,128,64,8,torch.bfloat16,20,100,1437.1311950683594,1437.1311950683594,1437.1728515625,1437.1728515625,True,7,2007,2007,2008,256,510,510,True,True,510,510,2050,2046,2030,2034,64:4096/64/0,64:4096/64/0,40.01311779022217,,,8,25,16.0,0.20992232859134674,0
baseline,2007,3,0,2,deepep_high_throughput,320,2048,768,128,64,8,torch.bfloat16,20,100,1670.9481811523438,1670.9481811523438,1670.9674072265625,1670.9674072265625,True,7,2007,2007,2008,320,638,638,False,False,638,638,2570,2550,2534,2554,128:10752/64/20,128:10752/64/20,40.263681411743164,,,11,32,20.0,0.19911915063858032,0
global_ignore,2007,3,0,2,deepep_high_throughput,320,2048,768,128,64,8,torch.bfloat16,20,100,1620.2149963378906,1620.2149963378906,1620.2249145507812,1620.2249145507812,True,7,2007,2007,2008,320,638,638,True,True,638,638,2570,2550,2534,2554,128:8192/64/0,128:8192/64/0,41.872639656066895,,,11,32,20.0,0.19911915063858032,0
baseline,2007,3,0,2,deepep_high_throughput,384,2048,768,128,64,8,torch.bfloat16,20,100,1682.1469116210938,1682.1469116210938,1682.1452331542969,1682.1469116210938,True,7,2007,2007,2008,384,766,766,False,False,766,766,3087,3057,3041,3071,128:11264/64/24,128:11264/64/24,41.549439430236816,,,13,38,24.0,0.17944200336933136,0
global_ignore,2007,3,0,2,deepep_high_throughput,384,2048,768,128,64,8,torch.bfloat16,20,100,1667.5372314453125,1667.5372314453125,1667.6118469238281,1667.6118469238281,True,7,2007,2007,2008,384,766,766,True,True,766,766,3087,3057,3041,3071,128:8192/64/0,128:8192/64/0,42.64607906341553,,,13,38,24.0,0.17944200336933136,0
baseline,2007,3,0,2,deepep_high_throughput,448,2048,768,128,64,8,torch.bfloat16,20,100,1705.6437683105469,1705.6437683105469,1705.6985473632812,1705.6985473632812,True,7,2007,2007,2008,448,894,892,False,False,894,892,3598,3570,3554,3566,128:11776/64/28,128:11776/64/28,42.19615936279297,,,16,44,28.0,0.2023262232542038,0
global_ignore,2007,3,0,2,deepep_high_throughput,448,2048,768,128,64,8,torch.bfloat16,20,100,1636.2876892089844,1636.2876892089844,1636.3279724121094,1636.3279724121094,True,7,2007,2007,2008,448,894,892,True,True,894,892,3598,3570,3554,3566,128:8192/64/0,128:8192/64/0,41.99456214904785,,,16,44,28.0,0.2023262232542038,0
baseline,2007,3,0,2,deepep_high_throughput,512,2048,768,128,64,8,torch.bfloat16,20,100,1739.058837890625,1739.058837890625,1739.0476989746094,1739.058837890625,True,7,2007,2007,2008,512,1021,1019,False,False,1021,1019,4136,4056,4032,4096,128:12288/64/32,128:12288/64/32,43.02847862243652,,,17,50,32.0,0.19795092940330505,0
global_ignore,2007,3,0,2,deepep_high_throughput,512,2048,768,128,64,8,torch.bfloat16,20,100,1662.5798034667969,1662.5798034667969,1662.6095581054688,1662.6095581054688,True,7,2007,2007,2008,512,1021,1019,True,True,1021,1019,4136,4056,4032,4096,128:8192/64/0,128:8192/64/0,41.507201194763184,,,17,50,32.0,0.19795092940330505,0
baseline,2007,3,0,2,deepep_high_throughput,640,2048,768,128,64,8,torch.bfloat16,20,100,1779.1862487792969,1779.1862487792969,1779.16259765625,1779.1862487792969,True,7,2007,2007,2008,640,1276,1274,False,False,1276,1274,5124,5116,5084,5076,128:13312/64/40,128:13312/64/40,40.22687911987305,,,23,62,40.0,0.18130387365818024,0
global_ignore,2007,3,0,2,deepep_high_throughput,640,2048,768,128,64,8,torch.bfloat16,20,100,1887.1478271484375,1887.1478271484375,1887.2904968261719,1887.2904968261719,True,7,2007,2007,2008,640,1276,1274,True,True,1276,1274,5124,5116,5084,5076,128:8192/64/0,128:8192/64/0,42.022080421447754,,,23,62,40.0,0.18130387365818024,0
baseline,2007,3,0,2,deepep_high_throughput,768,2048,768,128,64,8,torch.bfloat16,20,100,1783.8223266601562,1783.8223266601562,1783.8124084472656,1783.8223266601562,True,7,2007,2007,2008,768,1532,1528,False,False,1532,1528,6171,6117,6085,6107,128:14336/64/48,128:14336/64/48,42.90656089782715,,,30,73,48.0,0.16118508577346802,0
global_ignore,2007,3,0,2,deepep_high_throughput,768,2048,768,128,64,8,torch.bfloat16,20,100,1701.3142395019531,1701.3142395019531,1701.2889099121094,1701.3142395019531,True,7,2007,2007,2008,768,1532,1528,True,True,1532,1528,6171,6117,6085,6107,128:8192/64/0,128:8192/64/0,41.59008026123047,,,30,73,48.0,0.16118508577346802,0
baseline,3007,1,0,2,deepep_high_throughput,128,2048,768,128,64,8,torch.bfloat16,20,100,1439.2636108398438,1439.2636108398438,1439.0243530273438,1439.2636108398438,True,7,3007,3007,3008,128,255,254,False,False,255,254,1035,1013,1005,1019,64:5120/64/16,64:5120/64/16,41.97887897491455,,,2,17,8.0,0.35869500041007996,0
global_ignore,3007,1,0,2,deepep_high_throughput,128,2048,768,128,64,8,torch.bfloat16,20,100,1406.8243408203125,1406.8243408203125,1406.8304443359375,1406.8304443359375,True,7,3007,3007,3008,128,255,254,True,True,255,254,1035,1013,1005,1019,64:4096/64/0,64:4096/64/0,39.874560832977295,,,2,17,8.0,0.35869500041007996,0
baseline,3007,1,0,2,deepep_high_throughput,192,2048,768,128,64,8,torch.bfloat16,20,100,1443.9065551757812,1443.9065551757812,1443.9199829101562,1443.9199829101562,True,7,3007,3007,3008,192,383,382,False,False,383,382,1543,1529,1521,1527,64:5632/64/24,64:5632/64/24,40.64799785614014,,,5,24,12.0,0.2767777144908905,0
global_ignore,3007,1,0,2,deepep_high_throughput,192,2048,768,128,64,8,torch.bfloat16,20,100,1429.1958618164062,1429.1958618164062,1429.2127990722656,1429.2127990722656,True,7,3007,3007,3008,192,383,382,True,True,383,382,1543,1529,1521,1527,64:4096/64/0,64:4096/64/0,41.26272201538086,,,5,24,12.0,0.2767777144908905,0
baseline,3007,1,0,2,deepep_high_throughput,256,2048,768,128,64,8,torch.bfloat16,20,100,1496.0377502441406,1496.0377502441406,1496.0832214355469,1496.0832214355469,True,7,3007,3007,3008,256,510,510,False,False,510,510,2041,2055,2039,2025,64:6144/64/32,64:6144/64/32,40.87007999420166,,,8,29,16.0,0.2461867332458496,0
global_ignore,3007,1,0,2,deepep_high_throughput,256,2048,768,128,64,8,torch.bfloat16,20,100,1435.6393432617188,1435.6393432617188,1435.6236267089844,1435.6393432617188,True,7,3007,3007,3008,256,510,510,True,True,510,510,2041,2055,2039,2025,64:4096/64/0,64:4096/64/0,41.06783866882324,,,8,29,16.0,0.2461867332458496,0
baseline,3007,1,0,2,deepep_high_throughput,320,2048,768,128,64,8,torch.bfloat16,20,100,1669.5184326171875,1669.5184326171875,1669.5468139648438,1669.5468139648438,True,7,3007,3007,3008,320,638,638,False,False,638,638,2556,2564,2548,2540,128:10752/64/20,128:10752/64/20,40.34463882446289,,,10,32,20.0,0.2113017737865448,0
global_ignore,3007,1,0,2,deepep_high_throughput,320,2048,768,128,64,8,torch.bfloat16,20,100,1630.6710815429688,1630.6710815429688,1630.6678771972656,1630.6710815429688,True,7,3007,3007,3008,320,638,638,True,True,638,638,2556,2564,2548,2540,128:8192/64/0,128:8192/64/0,42.664642333984375,,,10,32,20.0,0.2113017737865448,0
baseline,3007,1,0,2,deepep_high_throughput,384,2048,768,128,64,8,torch.bfloat16,20,100,1712.9136657714844,1712.9136657714844,1712.95654296875,1712.95654296875,True,7,3007,3007,3008,384,765,766,False,False,765,766,3068,3076,3052,3052,128:11264/64/24,128:11264/64/24,41.6703987121582,,,13,37,24.0,0.18184469640254974,0
global_ignore,3007,1,0,2,deepep_high_throughput,384,2048,768,128,64,8,torch.bfloat16,20,100,1625.5612182617188,1625.5612182617188,1625.6239318847656,1625.6239318847656,True,7,3007,3007,3008,384,765,766,True,True,765,766,3068,3076,3052,3052,128:8192/64/0,128:8192/64/0,41.01344108581543,,,13,37,24.0,0.18184469640254974,0
baseline,3007,1,0,2,deepep_high_throughput,448,2048,768,128,64,8,torch.bfloat16,20,100,1727.7250671386719,1727.7250671386719,1727.7401733398438,1727.7401733398438,True,7,3007,3007,3008,448,892,894,False,False,892,894,3566,3602,3570,3550,128:11776/64/28,128:11776/64/28,41.65056228637695,,,15,43,28.0,0.1983971893787384,0
global_ignore,3007,1,0,2,deepep_high_throughput,448,2048,768,128,64,8,torch.bfloat16,20,100,1638.06884765625,1638.06884765625,1638.0799865722656,1638.0799865722656,True,7,3007,3007,3008,448,892,894,True,True,892,894,3566,3602,3570,3550,128:8192/64/0,128:8192/64/0,40.97951889038086,,,15,43,28.0,0.1983971893787384,0
baseline,3007,1,0,2,deepep_high_throughput,512,2048,768,128,64,8,torch.bfloat16,20,100,1745.2499389648438,1745.2499389648438,1745.2336120605469,1745.2499389648438,True,7,3007,3007,3008,512,1020,1021,False,False,1020,1021,4117,4075,4043,4093,128:12288/64/32,128:12288/64/32,41.99999809265137,,,19,47,32.0,0.17421174049377441,0
global_ignore,3007,1,0,2,deepep_high_throughput,512,2048,768,128,64,8,torch.bfloat16,20,100,1669.4271850585938,1669.4271850585938,1669.4586181640625,1669.4586181640625,True,7,3007,3007,3008,512,1020,1021,True,True,1020,1021,4117,4075,4043,4093,128:8192/64/0,128:8192/64/0,40.27711868286133,,,19,47,32.0,0.17421174049377441,0
baseline,3007,1,0,2,deepep_high_throughput,640,2048,768,128,64,8,torch.bfloat16,20,100,2287.103729248047,2287.103729248047,2287.1090698242188,2287.1090698242188,True,7,3007,3007,3008,640,1276,1275,False,False,1276,1275,5143,5097,5065,5103,128:13312/64/40,128:13312/64/40,41.87583923339844,,,26,57,40.0,0.15789756178855896,0
global_ignore,3007,1,0,2,deepep_high_throughput,640,2048,768,128,64,8,torch.bfloat16,20,100,1674.4796752929688,1674.4796752929688,1674.4781494140625,1674.4796752929688,True,7,3007,3007,3008,640,1276,1275,True,True,1276,1275,5143,5097,5065,5103,128:8192/64/0,128:8192/64/0,41.596479415893555,,,26,57,40.0,0.15789756178855896,0
baseline,3007,1,0,2,deepep_high_throughput,768,2048,768,128,64,8,torch.bfloat16,20,100,1819.2781066894531,1819.2781066894531,1819.2947387695312,1819.2947387695312,True,7,3007,3007,3008,768,1532,1530,False,False,1532,1530,6182,6106,6074,6134,128:14336/64/48,128:14336/64/48,43.431358337402344,,,30,64,48.0,0.13468854129314423,0
global_ignore,3007,1,0,2,deepep_high_throughput,768,2048,768,128,64,8,torch.bfloat16,20,100,1692.7084350585938,1692.7084350585938,1692.733154296875,1692.733154296875,True,7,3007,3007,3008,768,1532,1530,True,True,1532,1530,6182,6106,6074,6134,128:8192/64/0,128:8192/64/0,41.45535945892334,,,30,64,48.0,0.13468854129314423,0
global_ignore,3007,2,0,2,deepep_high_throughput,128,2048,768,128,64,8,torch.bfloat16,20,100,1410.400390625,1410.400390625,1410.3071594238281,1410.400390625,True,7,3007,3007,3008,128,255,254,True,True,255,254,1035,1013,1005,1019,64:4096/64/0,64:4096/64/0,41.067519187927246,,,2,17,8.0,0.35869500041007996,0
baseline,3007,2,0,2,deepep_high_throughput,128,2048,768,128,64,8,torch.bfloat16,20,100,1439.2352294921875,1439.2352294921875,1439.2597961425781,1439.2597961425781,True,7,3007,3007,3008,128,255,254,False,False,255,254,1035,1013,1005,1019,64:5120/64/16,64:5120/64/16,41.82176113128662,,,2,17,8.0,0.35869500041007996,0
global_ignore,3007,2,0,2,deepep_high_throughput,192,2048,768,128,64,8,torch.bfloat16,20,100,1430.3106689453125,1430.3106689453125,1430.3280639648438,1430.3280639648438,True,7,3007,3007,3008,192,383,382,True,True,383,382,1543,1529,1521,1527,64:4096/64/0,64:4096/64/0,41.659841537475586,,,5,24,12.0,0.2767777144908905,0
baseline,3007,2,0,2,deepep_high_throughput,192,2048,768,128,64,8,torch.bfloat16,20,100,1468.4605407714844,1468.4605407714844,1468.4725952148438,1468.4725952148438,True,7,3007,3007,3008,192,383,382,False,False,383,382,1543,1529,1521,1527,64:5632/64/24,64:5632/64/24,40.583038330078125,,,5,24,12.0,0.2767777144908905,0
global_ignore,3007,2,0,2,deepep_high_throughput,256,2048,768,128,64,8,torch.bfloat16,20,100,1450.2777099609375,1450.2777099609375,1450.2986145019531,1450.2986145019531,True,7,3007,3007,3008,256,510,510,True,True,510,510,2041,2055,2039,2025,64:4096/64/0,64:4096/64/0,41.53535842895508,,,8,29,16.0,0.2461867332458496,0
baseline,3007,2,0,2,deepep_high_throughput,256,2048,768,128,64,8,torch.bfloat16,20,100,1479.9571228027344,1479.9571228027344,1479.9685668945312,1479.9685668945312,True,7,3007,3007,3008,256,510,510,False,False,510,510,2041,2055,2039,2025,64:6144/64/32,64:6144/64/32,40.40544033050537,,,8,29,16.0,0.2461867332458496,0
global_ignore,3007,2,0,2,deepep_high_throughput,320,2048,768,128,64,8,torch.bfloat16,20,100,1617.1212768554688,1617.1212768554688,1617.1197509765625,1617.1212768554688,True,7,3007,3007,3008,320,638,638,True,True,638,638,2556,2564,2548,2540,128:8192/64/0,128:8192/64/0,40.73631763458252,,,10,32,20.0,0.2113017737865448,0
baseline,3007,2,0,2,deepep_high_throughput,320,2048,768,128,64,8,torch.bfloat16,20,100,1659.6182250976562,1659.6182250976562,1659.6441650390625,1659.6441650390625,True,7,3007,3007,3008,320,638,638,False,False,638,638,2556,2564,2548,2540,128:10752/64/20,128:10752/64/20,43.00640106201172,,,10,32,20.0,0.2113017737865448,0
global_ignore,3007,2,0,2,deepep_high_throughput,384,2048,768,128,64,8,torch.bfloat16,20,100,1641.8336486816406,1641.8336486816406,1641.8547058105469,1641.8547058105469,True,7,3007,3007,3008,384,765,766,True,True,765,766,3068,3076,3052,3052,128:8192/64/0,128:8192/64/0,43.93824100494385,,,13,37,24.0,0.18184469640254974,0
baseline,3007,2,0,2,deepep_high_throughput,384,2048,768,128,64,8,torch.bfloat16,20,100,1687.0291137695312,1687.0291137695312,1687.0185852050781,1687.0291137695312,True,7,3007,3007,3008,384,765,766,False,False,765,766,3068,3076,3052,3052,128:11264/64/24,128:11264/64/24,43.06464195251465,,,13,37,24.0,0.18184469640254974,0
global_ignore,3007,2,0,2,deepep_high_throughput,448,2048,768,128,64,8,torch.bfloat16,20,100,1665.2297973632812,1665.2297973632812,1665.205078125,1665.2297973632812,True,7,3007,3007,3008,448,892,894,True,True,892,894,3566,3602,3570,3550,128:8192/64/0,128:8192/64/0,42.280640602111816,,,15,43,28.0,0.1983971893787384,0
baseline,3007,2,0,2,deepep_high_throughput,448,2048,768,128,64,8,torch.bfloat16,20,100,1718.7904357910156,1718.7904357910156,1718.8082885742188,1718.8082885742188,True,7,3007,3007,3008,448,892,894,False,False,892,894,3566,3602,3570,3550,128:11776/64/28,128:11776/64/28,43.31039905548096,,,15,43,28.0,0.1983971893787384,0
global_ignore,3007,2,0,2,deepep_high_throughput,512,2048,768,128,64,8,torch.bfloat16,20,100,1668.8755798339844,1668.8755798339844,1668.9027404785156,1668.9027404785156,True,7,3007,3007,3008,512,1020,1021,True,True,1020,1021,4117,4075,4043,4093,128:8192/64/0,128:8192/64/0,43.426880836486816,,,19,47,32.0,0.17421174049377441,0
baseline,3007,2,0,2,deepep_high_throughput,512,2048,768,128,64,8,torch.bfloat16,20,100,1713.734130859375,1713.734130859375,1713.7788391113281,1713.7788391113281,True,7,3007,3007,3008,512,1020,1021,False,False,1020,1021,4117,4075,4043,4093,128:12288/64/32,128:12288/64/32,42.496957778930664,,,19,47,32.0,0.17421174049377441,0
global_ignore,3007,2,0,2,deepep_high_throughput,640,2048,768,128,64,8,torch.bfloat16,20,100,1687.6771545410156,1687.6771545410156,1687.6889038085938,1687.6889038085938,True,7,3007,3007,3008,640,1276,1275,True,True,1276,1275,5143,5097,5065,5103,128:8192/64/0,128:8192/64/0,44.66239929199219,,,26,57,40.0,0.15789756178855896,0
baseline,3007,2,0,2,deepep_high_throughput,640,2048,768,128,64,8,torch.bfloat16,20,100,1750.8540344238281,1750.8540344238281,1750.8518981933594,1750.8540344238281,True,7,3007,3007,3008,640,1276,1275,False,False,1276,1275,5143,5097,5065,5103,128:13312/64/40,128:13312/64/40,41.356801986694336,,,26,57,40.0,0.15789756178855896,0
global_ignore,3007,2,0,2,deepep_high_throughput,768,2048,768,128,64,8,torch.bfloat16,20,100,1711.3433837890625,1711.3433837890625,1711.3270568847656,1711.3433837890625,True,7,3007,3007,3008,768,1532,1530,True,True,1532,1530,6182,6106,6074,6134,128:8192/64/0,128:8192/64/0,54.40544128417969,,,30,64,48.0,0.13468854129314423,0
baseline,3007,2,0,2,deepep_high_throughput,768,2048,768,128,64,8,torch.bfloat16,20,100,1794.718017578125,1794.718017578125,1794.7686767578125,1794.7686767578125,True,7,3007,3007,3008,768,1532,1530,False,False,1532,1530,6182,6106,6074,6134,128:14336/64/48,128:14336/64/48,42.56671905517578,,,30,64,48.0,0.13468854129314423,0
baseline,3007,3,0,2,deepep_high_throughput,128,2048,768,128,64,8,torch.bfloat16,20,100,1441.6482543945312,1441.6482543945312,1441.6157531738281,1441.6482543945312,True,7,3007,3007,3008,128,255,254,False,False,255,254,1035,1013,1005,1019,64:5120/64/16,64:5120/64/16,39.928319454193115,,,2,17,8.0,0.35869500041007996,0
global_ignore,3007,3,0,2,deepep_high_throughput,128,2048,768,128,64,8,torch.bfloat16,20,100,1409.2962646484375,1409.2962646484375,1409.3002319335938,1409.3002319335938,True,7,3007,3007,3008,128,255,254,True,True,255,254,1035,1013,1005,1019,64:4096/64/0,64:4096/64/0,43.00896167755127,,,2,17,8.0,0.35869500041007996,0
baseline,3007,3,0,2,deepep_high_throughput,192,2048,768,128,64,8,torch.bfloat16,20,100,1475.4296875,1475.4296875,1475.4234313964844,1475.4296875,True,7,3007,3007,3008,192,383,382,False,False,383,382,1543,1529,1521,1527,64:5632/64/24,64:5632/64/24,42.46943950653076,,,5,24,12.0,0.2767777144908905,0
global_ignore,3007,3,0,2,deepep_high_throughput,192,2048,768,128,64,8,torch.bfloat16,20,100,1424.9757385253906,1424.9757385253906,1424.9766540527344,1424.9766540527344,True,7,3007,3007,3008,192,383,382,True,True,383,382,1543,1529,1521,1527,64:4096/64/0,64:4096/64/0,40.31583786010742,,,5,24,12.0,0.2767777144908905,0
baseline,3007,3,0,2,deepep_high_throughput,256,2048,768,128,64,8,torch.bfloat16,20,100,1487.713623046875,1487.713623046875,1487.7320861816406,1487.7320861816406,True,7,3007,3007,3008,256,510,510,False,False,510,510,2041,2055,2039,2025,64:6144/64/32,64:6144/64/32,41.13056182861328,,,8,29,16.0,0.2461867332458496,0
global_ignore,3007,3,0,2,deepep_high_throughput,256,2048,768,128,64,8,torch.bfloat16,20,100,1443.6067199707031,1443.6067199707031,1443.5784912109375,1443.6067199707031,True,7,3007,3007,3008,256,510,510,True,True,510,510,2041,2055,2039,2025,64:4096/64/0,64:4096/64/0,42.747840881347656,,,8,29,16.0,0.2461867332458496,0
baseline,3007,3,0,2,deepep_high_throughput,320,2048,768,128,64,8,torch.bfloat16,20,100,1665.4902648925781,1665.4902648925781,1665.4995727539062,1665.4995727539062,True,7,3007,3007,3008,320,638,638,False,False,638,638,2556,2564,2548,2540,128:10752/64/20,128:10752/64/20,40.65311908721924,,,10,32,20.0,0.2113017737865448,0
global_ignore,3007,3,0,2,deepep_high_throughput,320,2048,768,128,64,8,torch.bfloat16,20,100,1617.87841796875,1617.87841796875,1617.9350280761719,1617.9350280761719,True,7,3007,3007,3008,320,638,638,True,True,638,638,2556,2564,2548,2540,128:8192/64/0,128:8192/64/0,42.77535915374756,,,10,32,20.0,0.2113017737865448,0
baseline,3007,3,0,2,deepep_high_throughput,384,2048,768,128,64,8,torch.bfloat16,20,100,1671.1138916015625,1671.1138916015625,1671.107177734375,1671.1138916015625,True,7,3007,3007,3008,384,765,766,False,False,765,766,3068,3076,3052,3052,128:11264/64/24,128:11264/64/24,40.90496063232422,,,13,37,24.0,0.18184469640254974,0
global_ignore,3007,3,0,2,deepep_high_throughput,384,2048,768,128,64,8,torch.bfloat16,20,100,1636.2223815917969,1636.2223815917969,1636.2396240234375,1636.2396240234375,True,7,3007,3007,3008,384,765,766,True,True,765,766,3068,3076,3052,3052,128:8192/64/0,128:8192/64/0,41.86751842498779,,,13,37,24.0,0.18184469640254974,0
baseline,3007,3,0,2,deepep_high_throughput,448,2048,768,128,64,8,torch.bfloat16,20,100,1715.9414672851562,1715.9414672851562,1715.9382629394531,1715.9414672851562,True,7,3007,3007,3008,448,892,894,False,False,892,894,3566,3602,3570,3550,128:11776/64/28,128:11776/64/28,42.00448036193848,,,15,43,28.0,0.1983971893787384,0
global_ignore,3007,3,0,2,deepep_high_throughput,448,2048,768,128,64,8,torch.bfloat16,20,100,2167.860107421875,2167.860107421875,2167.8761291503906,2167.8761291503906,True,7,3007,3007,3008,448,892,894,True,True,892,894,3566,3602,3570,3550,128:8192/64/0,128:8192/64/0,40.332159996032715,,,15,43,28.0,0.1983971893787384,0
baseline,3007,3,0,2,deepep_high_throughput,512,2048,768,128,64,8,torch.bfloat16,20,100,1732.8970336914062,1732.8970336914062,1732.8921508789062,1732.8970336914062,True,7,3007,3007,3008,512,1020,1021,False,False,1020,1021,4117,4075,4043,4093,128:12288/64/32,128:12288/64/32,41.2556791305542,,,19,47,32.0,0.17421174049377441,0
global_ignore,3007,3,0,2,deepep_high_throughput,512,2048,768,128,64,8,torch.bfloat16,20,100,1684.9801635742188,1684.9801635742188,1684.9760437011719,1684.9801635742188,True,7,3007,3007,3008,512,1020,1021,True,True,1020,1021,4117,4075,4043,4093,128:8192/64/0,128:8192/64/0,44.03264045715332,,,19,47,32.0,0.17421174049377441,0
baseline,3007,3,0,2,deepep_high_throughput,640,2048,768,128,64,8,torch.bfloat16,20,100,1757.3353576660156,1757.3353576660156,1757.3893737792969,1757.3893737792969,True,7,3007,3007,3008,640,1276,1275,False,False,1276,1275,5143,5097,5065,5103,128:13312/64/40,128:13312/64/40,42.595839500427246,,,26,57,40.0,0.15789756178855896,0
global_ignore,3007,3,0,2,deepep_high_throughput,640,2048,768,128,64,8,torch.bfloat16,20,100,1672.1376037597656,1672.1376037597656,1672.1302795410156,1672.1376037597656,True,7,3007,3007,3008,640,1276,1275,True,True,1276,1275,5143,5097,5065,5103,128:8192/64/0,128:8192/64/0,40.604801177978516,,,26,57,40.0,0.15789756178855896,0
baseline,3007,3,0,2,deepep_high_throughput,768,2048,768,128,64,8,torch.bfloat16,20,100,1807.8521728515625,1807.8521728515625,1807.7679443359375,1807.8521728515625,True,7,3007,3007,3008,768,1532,1530,False,False,1532,1530,6182,6106,6074,6134,128:14336/64/48,128:14336/64/48,40.359039306640625,,,30,64,48.0,0.13468854129314423,0
global_ignore,3007,3,0,2,deepep_high_throughput,768,2048,768,128,64,8,torch.bfloat16,20,100,1708.4214782714844,1708.4214782714844,1708.4713745117188,1708.4713745117188,True,7,3007,3007,3008,768,1532,1530,True,True,1532,1530,6182,6106,6074,6134,128:8192/64/0,128:8192/64/0,41.479997634887695,,,30,64,48.0,0.13468854129314423,0
baseline,4007,1,0,2,deepep_high_throughput,128,2048,768,128,64,8,torch.bfloat16,20,100,1450.909423828125,1450.909423828125,1450.91064453125,1450.91064453125,True,7,4007,4007,4008,128,255,254,False,False,255,254,1048,1000,992,1032,64:5120/64/16,64:5184/64/17,39.8473596572876,,,2,14,8.0,0.35147568583488464,0
global_ignore,4007,1,0,2,deepep_high_throughput,128,2048,768,128,64,8,torch.bfloat16,20,100,1404.9261474609375,1404.9261474609375,1404.9349975585938,1404.9349975585938,True,7,4007,4007,4008,128,255,254,True,True,255,254,1048,1000,992,1032,64:4096/64/0,64:4096/64/0,41.594882011413574,,,2,14,8.0,0.35147568583488464,0
baseline,4007,1,0,2,deepep_high_throughput,192,2048,768,128,64,8,torch.bfloat16,20,100,1455.032958984375,1455.032958984375,1455.0294494628906,1455.032958984375,True,7,4007,4007,4008,192,383,381,False,False,383,381,1586,1486,1478,1562,64:5632/64/24,64:5696/64/25,42.87583827972412,,,4,20,12.0,0.28470104932785034,0
global_ignore,4007,1,0,2,deepep_high_throughput,192,2048,768,128,64,8,torch.bfloat16,20,100,1413.45947265625,1413.45947265625,1413.4672546386719,1413.4672546386719,True,7,4007,4007,4008,192,383,381,True,True,383,381,1586,1486,1478,1562,64:4096/64/0,64:4096/64/0,40.12320041656494,,,4,20,12.0,0.28470104932785034,0
baseline,4007,1,0,2,deepep_high_throughput,256,2048,768,128,64,8,torch.bfloat16,20,100,1495.546875,1495.546875,1495.5491638183594,1495.5491638183594,True,7,4007,4007,4008,256,511,509,False,False,511,509,2126,1970,1962,2102,64:6080/64/31,64:6208/64/33,40.68096160888672,,,5,26,16.0,0.2510962188243866,0
global_ignore,4007,1,0,2,deepep_high_throughput,256,2048,768,128,64,8,torch.bfloat16,20,100,1429.632568359375,1429.632568359375,1429.6310424804688,1429.632568359375,True,7,4007,4007,4008,256,511,509,True,True,511,509,2126,1970,1962,2102,64:4096/64/0,64:4096/64/0,41.33823871612549,,,5,26,16.0,0.2510962188243866,0
baseline,4007,1,0,2,deepep_high_throughput,320,2048,768,128,64,8,torch.bfloat16,20,100,1677.9705810546875,1677.9705810546875,1677.9875183105469,1677.9875183105469,True,7,4007,4007,4008,320,639,637,False,False,639,637,2635,2485,2477,2611,128:10752/64/20,128:10880/64/21,41.96703910827637,,,8,30,20.0,0.22629833221435547,0
global_ignore,4007,1,0,2,deepep_high_throughput,320,2048,768,128,64,8,torch.bfloat16,20,100,1631.673583984375,1631.673583984375,1631.6838073730469,1631.6838073730469,True,7,4007,4007,4008,320,639,637,True,True,639,637,2635,2485,2477,2611,128:8192/64/0,128:8192/64/0,40.787200927734375,,,8,30,20.0,0.22629833221435547,0
baseline,4007,1,0,2,deepep_high_throughput,384,2048,768,128,64,8,torch.bfloat16,20,100,1686.3833618164062,1686.3833618164062,1686.3938903808594,1686.3938903808594,True,7,4007,4007,4008,384,766,765,False,False,766,765,3138,3006,2990,3114,128:11264/64/24,128:11392/64/25,42.253122329711914,,,13,37,24.0,0.21175575256347656,0
global_ignore,4007,1,0,2,deepep_high_throughput,384,2048,768,128,64,8,torch.bfloat16,20,100,1626.4239501953125,1626.4239501953125,1626.4259338378906,1626.4259338378906,True,7,4007,4007,4008,384,766,765,True,True,766,765,3138,3006,2990,3114,128:8192/64/0,128:8192/64/0,40.784640312194824,,,13,37,24.0,0.21175575256347656,0
baseline,4007,1,0,2,deepep_high_throughput,448,2048,768,128,64,8,torch.bfloat16,20,100,1691.8368530273438,1691.8368530273438,1691.8649291992188,1691.8649291992188,True,7,4007,4007,4008,448,891,890,False,False,891,890,3617,3551,3511,3569,128:11776/64/28,128:11776/64/28,41.32607936859131,,,16,42,28.0,0.1651182323694229,0
global_ignore,4007,1,0,2,deepep_high_throughput,448,2048,768,128,64,8,torch.bfloat16,20,100,1645.9785461425781,1645.9785461425781,1646.0255432128906,1646.0255432128906,True,7,4007,4007,4008,448,891,890,True,True,891,890,3617,3551,3511,3569,128:8192/64/0,128:8192/64/0,41.47552013397217,,,16,42,28.0,0.1651182323694229,0
baseline,4007,1,0,2,deepep_high_throughput,512,2048,768,128,64,8,torch.bfloat16,20,100,1748.5075378417969,1748.5075378417969,1748.5282897949219,1748.5282897949219,True,7,4007,4007,4008,512,1019,1018,False,False,1019,1018,4109,4083,4043,4061,128:12288/64/32,128:12288/64/32,42.769598960876465,,,17,46,32.0,0.1560545712709427,0
global_ignore,4007,1,0,2,deepep_high_throughput,512,2048,768,128,64,8,torch.bfloat16,20,100,1659.7811889648438,1659.7811889648438,1659.7718811035156,1659.7811889648438,True,7,4007,4007,4008,512,1019,1018,True,True,1019,1018,4109,4083,4043,4061,128:8192/64/0,128:8192/64/0,41.99103832244873,,,17,46,32.0,0.1560545712709427,0
baseline,4007,1,0,2,deepep_high_throughput,640,2048,768,128,64,8,torch.bfloat16,20,100,1893.4367370605469,1893.4367370605469,1893.5513305664062,1893.5513305664062,True,7,4007,4007,4008,640,1274,1273,False,False,1274,1273,5169,5071,5023,5113,128:13312/64/40,128:13312/64/40,41.40511989593506,,,26,59,40.0,0.14813290536403656,0
global_ignore,4007,1,0,2,deepep_high_throughput,640,2048,768,128,64,8,torch.bfloat16,20,100,1678.5568237304688,1678.5568237304688,1678.5401916503906,1678.5568237304688,True,7,4007,4007,4008,640,1274,1273,True,True,1274,1273,5169,5071,5023,5113,128:8192/64/0,128:8192/64/0,42.5494384765625,,,26,59,40.0,0.14813290536403656,0
baseline,4007,1,0,2,deepep_high_throughput,768,2048,768,128,64,8,torch.bfloat16,20,100,1765.1718139648438,1765.1718139648438,1765.1913452148438,1765.1913452148438,True,7,4007,4007,4008,768,1530,1529,False,False,1530,1529,6228,6060,6012,6172,128:14208/64/47,128:14464/64/49,42.784318923950195,,,30,65,48.0,0.14327649772167206,0
global_ignore,4007,1,0,2,deepep_high_throughput,768,2048,768,128,64,8,torch.bfloat16,20,100,1700.4191589355469,1700.4191589355469,1700.4438781738281,1700.4438781738281,True,7,4007,4007,4008,768,1530,1529,True,True,1530,1529,6228,6060,6012,6172,128:8192/64/0,128:8192/64/0,40.09632110595703,,,30,65,48.0,0.14327649772167206,0
global_ignore,4007,2,0,2,deepep_high_throughput,128,2048,768,128,64,8,torch.bfloat16,20,100,1438.9894104003906,1438.9894104003906,1439.0237426757812,1439.0237426757812,True,7,4007,4007,4008,128,255,254,True,True,255,254,1048,1000,992,1032,64:4096/64/0,64:4096/64/0,44.01663780212402,,,2,14,8.0,0.35147568583488464,0
baseline,4007,2,0,2,deepep_high_throughput,128,2048,768,128,64,8,torch.bfloat16,20,100,1443.2374572753906,1443.2374572753906,1443.2655334472656,1443.2655334472656,True,7,4007,4007,4008,128,255,254,False,False,255,254,1048,1000,992,1032,64:5120/64/16,64:5184/64/17,43.49184036254883,,,2,14,8.0,0.35147568583488464,0
global_ignore,4007,2,0,2,deepep_high_throughput,192,2048,768,128,64,8,torch.bfloat16,20,100,1507.0169067382812,1507.0169067382812,1507.2813415527344,1507.2813415527344,True,7,4007,4007,4008,192,383,381,True,True,383,381,1586,1486,1478,1562,64:4096/64/0,64:4096/64/0,44.80480194091797,,,4,20,12.0,0.28470104932785034,0
baseline,4007,2,0,2,deepep_high_throughput,192,2048,768,128,64,8,torch.bfloat16,20,100,1478.9059448242188,1478.9059448242188,1478.8954162597656,1478.9059448242188,True,7,4007,4007,4008,192,383,381,False,False,383,381,1586,1486,1478,1562,64:5632/64/24,64:5696/64/25,40.638718605041504,,,4,20,12.0,0.28470104932785034,0
global_ignore,4007,2,0,2,deepep_high_throughput,256,2048,768,128,64,8,torch.bfloat16,20,100,1448.8592529296875,1448.8592529296875,1448.865966796875,1448.865966796875,True,7,4007,4007,4008,256,511,509,True,True,511,509,2126,1970,1962,2102,64:4096/64/0,64:4096/64/0,43.3135986328125,,,5,26,16.0,0.2510962188243866,0
baseline,4007,2,0,2,deepep_high_throughput,256,2048,768,128,64,8,torch.bfloat16,20,100,1492.2358703613281,1492.2358703613281,1492.2294616699219,1492.2358703613281,True,7,4007,4007,4008,256,511,509,False,False,511,509,2126,1970,1962,2102,64:6080/64/31,64:6208/64/33,41.62816047668457,,,5,26,16.0,0.2510962188243866,0
global_ignore,4007,2,0,2,deepep_high_throughput,320,2048,768,128,64,8,torch.bfloat16,20,100,1629.8211669921875,1629.8211669921875,1629.8431396484375,1629.8431396484375,True,7,4007,4007,4008,320,639,637,True,True,639,637,2635,2485,2477,2611,128:8192/64/0,128:8192/64/0,44.20544147491455,,,8,30,20.0,0.22629833221435547,0
baseline,4007,2,0,2,deepep_high_throughput,320,2048,768,128,64,8,torch.bfloat16,20,100,1673.4466552734375,1673.4466552734375,1673.4445190429688,1673.4466552734375,True,7,4007,4007,4008,320,639,637,False,False,639,637,2635,2485,2477,2611,128:10752/64/20,128:10880/64/21,41.685757637023926,,,8,30,20.0,0.22629833221435547,0
global_ignore,4007,2,0,2,deepep_high_throughput,384,2048,768,128,64,8,torch.bfloat16,20,100,1642.2848510742188,1642.2848510742188,1642.2854614257812,1642.2854614257812,True,7,4007,4007,4008,384,766,765,True,True,766,765,3138,3006,2990,3114,128:8192/64/0,128:8192/64/0,42.373762130737305,,,13,37,24.0,0.21175575256347656,0
baseline,4007,2,0,2,deepep_high_throughput,384,2048,768,128,64,8,torch.bfloat16,20,100,1684.8258972167969,1684.8258972167969,1684.8745727539062,1684.8745727539062,True,7,4007,4007,4008,384,766,765,False,False,766,765,3138,3006,2990,3114,128:11264/64/24,128:11392/64/25,43.92127990722656,,,13,37,24.0,0.21175575256347656,0
global_ignore,4007,2,0,2,deepep_high_throughput,448,2048,768,128,64,8,torch.bfloat16,20,100,1659.3525695800781,1659.3525695800781,1659.3385314941406,1659.3525695800781,True,7,4007,4007,4008,448,891,890,True,True,891,890,3617,3551,3511,3569,128:8192/64/0,128:8192/64/0,42.516160011291504,,,16,42,28.0,0.1651182323694229,0
baseline,4007,2,0,2,deepep_high_throughput,448,2048,768,128,64,8,torch.bfloat16,20,100,2307.073974609375,2307.073974609375,2306.874237060547,2307.073974609375,True,7,4007,4007,4008,448,891,890,False,False,891,890,3617,3551,3511,3569,128:11776/64/28,128:11776/64/28,42.63904094696045,,,16,42,28.0,0.1651182323694229,0
global_ignore,4007,2,0,2,deepep_high_throughput,512,2048,768,128,64,8,torch.bfloat16,20,100,1658.9337158203125,1658.9337158203125,1658.9305114746094,1658.9337158203125,True,7,4007,4007,4008,512,1019,1018,True,True,1019,1018,4109,4083,4043,4061,128:8192/64/0,128:8192/64/0,41.995840072631836,,,17,46,32.0,0.1560545712709427,0
baseline,4007,2,0,2,deepep_high_throughput,512,2048,768,128,64,8,torch.bfloat16,20,100,1736.2185668945312,1736.2185668945312,1736.2153625488281,1736.2185668945312,True,7,4007,4007,4008,512,1019,1018,False,False,1019,1018,4109,4083,4043,4061,128:12288/64/32,128:12288/64/32,41.33279800415039,,,17,46,32.0,0.1560545712709427,0
global_ignore,4007,2,0,2,deepep_high_throughput,640,2048,768,128,64,8,torch.bfloat16,20,100,1689.3504333496094,1689.3504333496094,1689.3594360351562,1689.3594360351562,True,7,4007,4007,4008,640,1274,1273,True,True,1274,1273,5169,5071,5023,5113,128:8192/64/0,128:8192/64/0,42.07551956176758,,,26,59,40.0,0.14813290536403656,0
baseline,4007,2,0,2,deepep_high_throughput,640,2048,768,128,64,8,torch.bfloat16,20,100,1778.8322448730469,1778.8322448730469,1779.2112731933594,1779.2112731933594,True,7,4007,4007,4008,640,1274,1273,False,False,1274,1273,5169,5071,5023,5113,128:13312/64/40,128:13312/64/40,42.13024139404297,,,26,59,40.0,0.14813290536403656,0
global_ignore,4007,2,0,2,deepep_high_throughput,768,2048,768,128,64,8,torch.bfloat16,20,100,2221.0818481445312,2221.0818481445312,2221.089630126953,2221.089630126953,True,7,4007,4007,4008,768,1530,1529,True,True,1530,1529,6228,6060,6012,6172,128:8192/64/0,128:8192/64/0,39.68192100524902,,,30,65,48.0,0.14327649772167206,0
baseline,4007,2,0,2,deepep_high_throughput,768,2048,768,128,64,8,torch.bfloat16,20,100,1787.8559875488281,1787.8559875488281,1787.7218627929688,1787.8559875488281,True,7,4007,4007,4008,768,1530,1529,False,False,1530,1529,6228,6060,6012,6172,128:14208/64/47,128:14464/64/49,43.538880348205566,,,30,65,48.0,0.14327649772167206,0
baseline,4007,3,0,2,deepep_high_throughput,128,2048,768,128,64,8,torch.bfloat16,20,100,1437.4295043945312,1437.4295043945312,1437.4453735351562,1437.4453735351562,True,7,4007,4007,4008,128,255,254,False,False,255,254,1048,1000,992,1032,64:5120/64/16,64:5184/64/17,39.36896085739136,,,2,14,8.0,0.35147568583488464,0
global_ignore,4007,3,0,2,deepep_high_throughput,128,2048,768,128,64,8,torch.bfloat16,20,100,1402.3324584960938,1402.3324584960938,1402.3167419433594,1402.3324584960938,True,7,4007,4007,4008,128,255,254,True,True,255,254,1048,1000,992,1032,64:4096/64/0,64:4096/64/0,41.45599842071533,,,2,14,8.0,0.35147568583488464,0
baseline,4007,3,0,2,deepep_high_throughput,192,2048,768,128,64,8,torch.bfloat16,20,100,1480.5596923828125,1480.5596923828125,1480.5241394042969,1480.5596923828125,True,7,4007,4007,4008,192,383,381,False,False,383,381,1586,1486,1478,1562,64:5632/64/24,64:5696/64/25,43.54720115661621,,,4,20,12.0,0.28470104932785034,0
global_ignore,4007,3,0,2,deepep_high_throughput,192,2048,768,128,64,8,torch.bfloat16,20,100,1498.3821105957031,1498.3821105957031,1499.0066528320312,1499.0066528320312,True,7,4007,4007,4008,192,383,381,True,True,383,381,1586,1486,1478,1562,64:4096/64/0,64:4096/64/0,40.9116792678833,,,4,20,12.0,0.28470104932785034,0
baseline,4007,3,0,2,deepep_high_throughput,256,2048,768,128,64,8,torch.bfloat16,20,100,1519.6937561035156,1519.6937561035156,1519.7056579589844,1519.7056579589844,True,7,4007,4007,4008,256,511,509,False,False,511,509,2126,1970,1962,2102,64:6080/64/31,64:6208/64/33,43.70016098022461,,,5,26,16.0,0.2510962188243866,0
global_ignore,4007,3,0,2,deepep_high_throughput,256,2048,768,128,64,8,torch.bfloat16,20,100,1463.3587646484375,1463.3587646484375,1463.3651733398438,1463.3651733398438,True,7,4007,4007,4008,256,511,509,True,True,511,509,2126,1970,1962,2102,64:4096/64/0,64:4096/64/0,42.09023952484131,,,5,26,16.0,0.2510962188243866,0
baseline,4007,3,0,2,deepep_high_throughput,320,2048,768,128,64,8,torch.bfloat16,20,100,1681.1546325683594,1681.1546325683594,1681.1882019042969,1681.1882019042969,True,7,4007,4007,4008,320,639,637,False,False,639,637,2635,2485,2477,2611,128:10752/64/20,128:10880/64/21,43.176960945129395,,,8,30,20.0,0.22629833221435547,0
global_ignore,4007,3,0,2,deepep_high_throughput,320,2048,768,128,64,8,torch.bfloat16,20,100,1622.5942993164062,1622.5942993164062,1622.5747680664062,1622.5942993164062,True,7,4007,4007,4008,320,639,637,True,True,639,637,2635,2485,2477,2611,128:8192/64/0,128:8192/64/0,41.740479469299316,,,8,30,20.0,0.22629833221435547,0
baseline,4007,3,0,2,deepep_high_throughput,384,2048,768,128,64,8,torch.bfloat16,20,100,1694.6754455566406,1694.6754455566406,1694.6978759765625,1694.6978759765625,True,7,4007,4007,4008,384,766,765,False,False,766,765,3138,3006,2990,3114,128:11264/64/24,128:11392/64/25,42.09856033325195,,,13,37,24.0,0.21175575256347656,0
global_ignore,4007,3,0,2,deepep_high_throughput,384,2048,768,128,64,8,torch.bfloat16,20,100,1675.6271362304688,1675.6271362304688,1675.6201171875,1675.6271362304688,True,7,4007,4007,4008,384,766,765,True,True,766,765,3138,3006,2990,3114,128:8192/64/0,128:8192/64/0,40.64896106719971,,,13,37,24.0,0.21175575256347656,0
baseline,4007,3,0,2,deepep_high_throughput,448,2048,768,128,64,8,torch.bfloat16,20,100,1703.3651733398438,1703.3651733398438,1703.3993530273438,1703.3993530273438,True,7,4007,4007,4008,448,891,890,False,False,891,890,3617,3551,3511,3569,128:11776/64/28,128:11776/64/28,42.13503837585449,,,16,42,28.0,0.1651182323694229,0
global_ignore,4007,3,0,2,deepep_high_throughput,448,2048,768,128,64,8,torch.bfloat16,20,100,1672.4700927734375,1672.4700927734375,1672.6806640625,1672.6806640625,True,7,4007,4007,4008,448,891,890,True,True,891,890,3617,3551,3511,3569,128:8192/64/0,128:8192/64/0,42.24544048309326,,,16,42,28.0,0.1651182323694229,0
baseline,4007,3,0,2,deepep_high_throughput,512,2048,768,128,64,8,torch.bfloat16,20,100,1722.8028869628906,1722.8028869628906,1722.8172302246094,1722.8172302246094,True,7,4007,4007,4008,512,1019,1018,False,False,1019,1018,4109,4083,4043,4061,128:12288/64/32,128:12288/64/32,52.409281730651855,,,17,46,32.0,0.1560545712709427,0
global_ignore,4007,3,0,2,deepep_high_throughput,512,2048,768,128,64,8,torch.bfloat16,20,100,1679.6482849121094,1679.6482849121094,1679.68505859375,1679.68505859375,True,7,4007,4007,4008,512,1019,1018,True,True,1019,1018,4109,4083,4043,4061,128:8192/64/0,128:8192/64/0,42.7564811706543,,,17,46,32.0,0.1560545712709427,0
baseline,4007,3,0,2,deepep_high_throughput,640,2048,768,128,64,8,torch.bfloat16,20,100,1704.5695495605469,1704.5695495605469,1704.1510009765625,1704.5695495605469,True,7,4007,4007,4008,640,1274,1273,False,False,1274,1273,5169,5071,5023,5113,128:13312/64/40,128:13312/64/40,43.72096061706543,,,26,59,40.0,0.14813290536403656,0
global_ignore,4007,3,0,2,deepep_high_throughput,640,2048,768,128,64,8,torch.bfloat16,20,100,1703.6790466308594,1703.6790466308594,1703.7094116210938,1703.7094116210938,True,7,4007,4007,4008,640,1274,1273,True,True,1274,1273,5169,5071,5023,5113,128:8192/64/0,128:8192/64/0,42.82112121582031,,,26,59,40.0,0.14813290536403656,0
baseline,4007,3,0,2,deepep_high_throughput,768,2048,768,128,64,8,torch.bfloat16,20,100,1804.9635314941406,1804.9635314941406,1805.0076293945312,1805.0076293945312,True,7,4007,4007,4008,768,1530,1529,False,False,1530,1529,6228,6060,6012,6172,128:14208/64/47,128:14464/64/49,43.17215919494629,,,30,65,48.0,0.14327649772167206,0
global_ignore,4007,3,0,2,deepep_high_throughput,768,2048,768,128,64,8,torch.bfloat16,20,100,1718.4678649902344,1718.4678649902344,1718.3941650390625,1718.4678649902344,True,7,4007,4007,4008,768,1530,1529,True,True,1530,1529,6228,6060,6012,6172,128:8192/64/0,128:8192/64/0,43.246397972106934,,,30,65,48.0,0.14327649772167206,0
baseline,5007,1,0,2,deepep_high_throughput,128,2048,768,128,64,8,torch.bfloat16,20,100,1517.6115417480469,1517.6115417480469,1517.6316833496094,1517.6316833496094,True,7,5007,5007,5008,128,255,255,False,False,255,255,1043,1005,997,1035,64:5120/64/16,64:5184/64/17,41.6153621673584,,,2,17,8.0,0.3419698178768158,0
global_ignore,5007,1,0,2,deepep_high_throughput,128,2048,768,128,64,8,torch.bfloat16,20,100,1428.8278198242188,1428.8278198242188,1428.8150024414062,1428.8278198242188,True,7,5007,5007,5008,128,255,255,True,True,255,255,1043,1005,997,1035,64:4096/64/0,64:4096/64/0,43.38655948638916,,,2,17,8.0,0.3419698178768158,0
baseline,5007,1,0,2,deepep_high_throughput,192,2048,768,128,64,8,torch.bfloat16,20,100,1546.9783020019531,1546.9783020019531,1546.91650390625,1546.9783020019531,True,7,5007,5007,5008,192,383,383,False,False,383,383,1533,1539,1531,1525,64:5632/64/24,64:5632/64/24,42.9801607131958,,,5,20,12.0,0.27559909224510193,0
global_ignore,5007,1,0,2,deepep_high_throughput,192,2048,768,128,64,8,torch.bfloat16,20,100,1455.9571838378906,1455.9571838378906,1455.9971618652344,1455.9971618652344,True,7,5007,5007,5008,192,383,383,True,True,383,383,1533,1539,1531,1525,64:4096/64/0,64:4096/64/0,44.39040184020996,,,5,20,12.0,0.27559909224510193,0
baseline,5007,1,0,2,deepep_high_throughput,256,2048,768,128,64,8,torch.bfloat16,20,100,1527.9647827148438,1527.9647827148438,1528.0355834960938,1528.0355834960938,True,7,5007,5007,5008,256,510,509,False,False,510,509,2031,2065,2049,2007,64:6208/64/33,64:6144/64/32,42.21504211425781,,,7,27,16.0,0.2637803554534912,0
global_ignore,5007,1,0,2,deepep_high_throughput,256,2048,768,128,64,8,torch.bfloat16,20,100,1458.345947265625,1458.345947265625,1463.4208679199219,1463.4208679199219,True,7,5007,5007,5008,256,510,509,True,True,510,509,2031,2065,2049,2007,64:4096/64/0,64:4096/64/0,84.57023620605469,,,7,27,16.0,0.2637803554534912,0
baseline,5007,1,0,2,deepep_high_throughput,320,2048,768,128,64,8,torch.bfloat16,20,100,1681.5715026855469,1681.5715026855469,1681.6233825683594,1681.6233825683594,True,7,5007,5007,5008,320,638,636,False,False,638,636,2546,2574,2558,2514,128:10752/64/20,128:10752/64/20,89.76287841796875,,,11,31,20.0,0.2213241308927536,0
global_ignore,5007,1,0,2,deepep_high_throughput,320,2048,768,128,64,8,torch.bfloat16,20,100,1633.504638671875,1633.504638671875,1633.4672546386719,1633.504638671875,True,7,5007,5007,5008,320,638,636,True,True,638,636,2546,2574,2558,2514,128:8192/64/0,128:8192/64/0,43.20511817932129,,,11,31,20.0,0.2213241308927536,0
baseline,5007,1,0,2,deepep_high_throughput,384,2048,768,128,64,8,torch.bfloat16,20,100,1695.1580810546875,1695.1580810546875,1695.1913452148438,1695.1913452148438,True,7,5007,5007,5008,384,765,764,False,False,765,764,3070,3074,3050,3038,128:11264/64/24,128:11264/64/24,42.82464027404785,,,12,36,24.0,0.21111424267292023,0
global_ignore,5007,1,0,2,deepep_high_throughput,384,2048,768,128,64,8,torch.bfloat16,20,100,1642.7708435058594,1642.7708435058594,1642.8140258789062,1642.8140258789062,True,7,5007,5007,5008,384,765,764,True,True,765,764,3070,3074,3050,3038,128:8192/64/0,128:8192/64/0,51.041598320007324,,,12,36,24.0,0.21111424267292023,0
baseline,5007,1,0,2,deepep_high_throughput,448,2048,768,128,64,8,torch.bfloat16,20,100,1879.6444702148438,1879.6444702148438,1879.6138000488281,1879.6444702148438,True,7,5007,5007,5008,448,890,892,False,False,890,892,3621,3547,3499,3589,128:11776/64/28,128:11904/64/29,41.32063865661621,,,15,42,28.0,0.18707434833049774,0
global_ignore,5007,1,0,2,deepep_high_throughput,448,2048,768,128,64,8,torch.bfloat16,20,100,1651.1219787597656,1651.1219787597656,1651.14013671875,1651.14013671875,True,7,5007,5007,5008,448,890,892,True,True,890,892,3621,3547,3499,3589,128:8192/64/0,128:8192/64/0,43.62688064575195,,,15,42,28.0,0.18707434833049774,0
baseline,5007,1,0,2,deepep_high_throughput,512,2048,768,128,64,8,torch.bfloat16,20,100,1773.2403564453125,1773.2403564453125,1772.9872131347656,1773.2403564453125,True,7,5007,5007,5008,512,1018,1020,False,False,1018,1020,4128,4064,4016,4096,128:12288/64/32,128:12288/64/32,40.513601303100586,,,19,47,32.0,0.17451803386211395,0
global_ignore,5007,1,0,2,deepep_high_throughput,512,2048,768,128,64,8,torch.bfloat16,20,100,1702.6847839355469,1702.6847839355469,1702.8944396972656,1702.8944396972656,True,7,5007,5007,5008,512,1018,1020,True,True,1018,1020,4128,4064,4016,4096,128:8192/64/0,128:8192/64/0,44.0723180770874,,,19,47,32.0,0.17451803386211395,0
baseline,5007,1,0,2,deepep_high_throughput,640,2048,768,128,64,8,torch.bfloat16,20,100,1842.4755859375,1842.4755859375,1842.3612976074219,1842.4755859375,True,7,5007,5007,5008,640,1272,1276,False,False,1272,1276,5141,5099,5035,5109,128:13312/64/40,128:13312/64/40,41.858558654785156,,,26,55,40.0,0.15755704045295715,0
global_ignore,5007,1,0,2,deepep_high_throughput,640,2048,768,128,64,8,torch.bfloat16,20,100,1717.6637268066406,1717.6637268066406,1717.667236328125,1717.667236328125,True,7,5007,5007,5008,640,1272,1276,True,True,1272,1276,5141,5099,5035,5109,128:8192/64/0,128:8192/64/0,44.48319911956787,,,26,55,40.0,0.15755704045295715,0
baseline,5007,1,0,2,deepep_high_throughput,768,2048,768,128,64,8,torch.bfloat16,20,100,1874.3040466308594,1874.3040466308594,1874.3455505371094,1874.3455505371094,True,7,5007,5007,5008,768,1527,1532,False,False,1527,1532,6155,6133,6061,6123,128:14336/64/48,128:14336/64/48,54.531521797180176,,,31,70,48.0,0.14028701186180115,0
global_ignore,5007,1,0,2,deepep_high_throughput,768,2048,768,128,64,8,torch.bfloat16,20,100,1748.5784912109375,1748.5784912109375,1748.6306762695312,1748.6306762695312,True,7,5007,5007,5008,768,1527,1532,True,True,1527,1532,6155,6133,6061,6123,128:8192/64/0,128:8192/64/0,44.83583927154541,,,31,70,48.0,0.14028701186180115,0
global_ignore,5007,2,0,2,deepep_high_throughput,128,2048,768,128,64,8,torch.bfloat16,20,100,1566.3673400878906,1566.3673400878906,1566.4688110351562,1566.4688110351562,True,7,5007,5007,5008,128,255,255,True,True,255,255,1043,1005,997,1035,64:4096/64/0,64:4096/64/0,70.54368019104004,,,2,17,8.0,0.3419698178768158,0
baseline,5007,2,0,2,deepep_high_throughput,128,2048,768,128,64,8,torch.bfloat16,20,100,1471.8698120117188,1471.8698120117188,1471.8447875976562,1471.8698120117188,True,7,5007,5007,5008,128,255,255,False,False,255,255,1043,1005,997,1035,64:5120/64/16,64:5184/64/17,43.50880146026611,,,2,17,8.0,0.3419698178768158,0
global_ignore,5007,2,0,2,deepep_high_throughput,192,2048,768,128,64,8,torch.bfloat16,20,100,1453.5282897949219,1453.5282897949219,1453.5670471191406,1453.5670471191406,True,7,5007,5007,5008,192,383,383,True,True,383,383,1533,1539,1531,1525,64:4096/64/0,64:4096/64/0,42.86848068237305,,,5,20,12.0,0.27559909224510193,0
baseline,5007,2,0,2,deepep_high_throughput,192,2048,768,128,64,8,torch.bfloat16,20,100,1511.6758728027344,1511.6758728027344,1511.6522216796875,1511.6758728027344,True,7,5007,5007,5008,192,383,383,False,False,383,383,1533,1539,1531,1525,64:5632/64/24,64:5632/64/24,43.15392017364502,,,5,20,12.0,0.27559909224510193,0
global_ignore,5007,2,0,2,deepep_high_throughput,256,2048,768,128,64,8,torch.bfloat16,20,100,1509.625244140625,1509.625244140625,1509.7389221191406,1509.7389221191406,True,7,5007,5007,5008,256,510,509,True,True,510,509,2031,2065,2049,2007,64:4096/64/0,64:4096/64/0,41.326398849487305,,,7,27,16.0,0.2637803554534912,0
baseline,5007,2,0,2,deepep_high_throughput,256,2048,768,128,64,8,torch.bfloat16,20,100,1532.4015808105469,1532.4015808105469,1532.4140930175781,1532.4140930175781,True,7,5007,5007,5008,256,510,509,False,False,510,509,2031,2065,2049,2007,64:6208/64/33,64:6144/64/32,41.324801445007324,,,7,27,16.0,0.2637803554534912,0
global_ignore,5007,2,0,2,deepep_high_throughput,320,2048,768,128,64,8,torch.bfloat16,20,100,1749.7013854980469,1749.7013854980469,1749.6949768066406,1749.7013854980469,True,7,5007,5007,5008,320,638,636,True,True,638,636,2546,2574,2558,2514,128:8192/64/0,128:8192/64/0,42.87936210632324,,,11,31,20.0,0.2213241308927536,0
baseline,5007,2,0,2,deepep_high_throughput,320,2048,768,128,64,8,torch.bfloat16,20,100,1677.4745178222656,1677.4745178222656,1677.451171875,1677.4745178222656,True,7,5007,5007,5008,320,638,636,False,False,638,636,2546,2574,2558,2514,128:10752/64/20,128:10752/64/20,42.34015941619873,,,11,31,20.0,0.2213241308927536,0
global_ignore,5007,2,0,2,deepep_high_throughput,384,2048,768,128,64,8,torch.bfloat16,20,100,1666.0870361328125,1666.0870361328125,1666.114501953125,1666.114501953125,True,7,5007,5007,5008,384,765,764,True,True,765,764,3070,3074,3050,3038,128:8192/64/0,128:8192/64/0,41.555519104003906,,,12,36,24.0,0.21111424267292023,0
baseline,5007,2,0,2,deepep_high_throughput,384,2048,768,128,64,8,torch.bfloat16,20,100,1727.9571533203125,1727.9571533203125,1727.9145812988281,1727.9571533203125,True,7,5007,5007,5008,384,765,764,False,False,765,764,3070,3074,3050,3038,128:11264/64/24,128:11264/64/24,42.575039863586426,,,12,36,24.0,0.21111424267292023,0
global_ignore,5007,2,0,2,deepep_high_throughput,448,2048,768,128,64,8,torch.bfloat16,20,100,1720.723876953125,1720.723876953125,1720.7530212402344,1720.7530212402344,True,7,5007,5007,5008,448,890,892,True,True,890,892,3621,3547,3499,3589,128:8192/64/0,128:8192/64/0,41.0591983795166,,,15,42,28.0,0.18707434833049774,0
baseline,5007,2,0,2,deepep_high_throughput,448,2048,768,128,64,8,torch.bfloat16,20,100,1715.0204467773438,1715.0204467773438,1715.0495910644531,1715.0495910644531,True,7,5007,5007,5008,448,890,892,False,False,890,892,3621,3547,3499,3589,128:11776/64/28,128:11904/64/29,41.314239501953125,,,15,42,28.0,0.18707434833049774,0
global_ignore,5007,2,0,2,deepep_high_throughput,512,2048,768,128,64,8,torch.bfloat16,20,100,1668.8124084472656,1668.8124084472656,1668.822021484375,1668.822021484375,True,7,5007,5007,5008,512,1018,1020,True,True,1018,1020,4128,4064,4016,4096,128:8192/64/0,128:8192/64/0,41.16991996765137,,,19,47,32.0,0.17451803386211395,0
baseline,5007,2,0,2,deepep_high_throughput,512,2048,768,128,64,8,torch.bfloat16,20,100,1731.8853759765625,1731.8853759765625,1731.8818664550781,1731.8853759765625,True,7,5007,5007,5008,512,1018,1020,False,False,1018,1020,4128,4064,4016,4096,128:12288/64/32,128:12288/64/32,42.57472038269043,,,19,47,32.0,0.17451803386211395,0
global_ignore,5007,2,0,2,deepep_high_throughput,640,2048,768,128,64,8,torch.bfloat16,20,100,1746.8496704101562,1746.8496704101562,1746.837158203125,1746.8496704101562,True,7,5007,5007,5008,640,1272,1276,True,True,1272,1276,5141,5099,5035,5109,128:8192/64/0,128:8192/64/0,44.071359634399414,,,26,55,40.0,0.15755704045295715,0
baseline,5007,2,0,2,deepep_high_throughput,640,2048,768,128,64,8,torch.bfloat16,20,100,1818.0291748046875,1818.0291748046875,1817.833251953125,1818.0291748046875,True,7,5007,5007,5008,640,1272,1276,False,False,1272,1276,5141,5099,5035,5109,128:13312/64/40,128:13312/64/40,40.12256145477295,,,26,55,40.0,0.15755704045295715,0
global_ignore,5007,2,0,2,deepep_high_throughput,768,2048,768,128,64,8,torch.bfloat16,20,100,1717.0524597167969,1717.0524597167969,1717.0626831054688,1717.0626831054688,True,7,5007,5007,5008,768,1527,1532,True,True,1527,1532,6155,6133,6061,6123,128:8192/64/0,128:8192/64/0,43.44064235687256,,,31,70,48.0,0.14028701186180115,0
baseline,5007,2,0,2,deepep_high_throughput,768,2048,768,128,64,8,torch.bfloat16,20,100,1826.575927734375,1826.575927734375,1826.5673828125,1826.575927734375,True,7,5007,5007,5008,768,1527,1532,False,False,1527,1532,6155,6133,6061,6123,128:14336/64/48,128:14336/64/48,43.101439476013184,,,31,70,48.0,0.14028701186180115,0
baseline,5007,3,0,2,deepep_high_throughput,128,2048,768,128,64,8,torch.bfloat16,20,100,1452.4374389648438,1452.4374389648438,1452.291259765625,1452.4374389648438,True,7,5007,5007,5008,128,255,255,False,False,255,255,1043,1005,997,1035,64:5120/64/16,64:5184/64/17,41.374077796936035,,,2,17,8.0,0.3419698178768158,0
global_ignore,5007,3,0,2,deepep_high_throughput,128,2048,768,128,64,8,torch.bfloat16,20,100,1407.734375,1407.734375,1407.6982116699219,1407.734375,True,7,5007,5007,5008,128,255,255,True,True,255,255,1043,1005,997,1035,64:4096/64/0,64:4096/64/0,42.05376148223877,,,2,17,8.0,0.3419698178768158,0
baseline,5007,3,0,2,deepep_high_throughput,192,2048,768,128,64,8,torch.bfloat16,20,100,1492.1772766113281,1492.1772766113281,1492.1836853027344,1492.1836853027344,True,7,5007,5007,5008,192,383,383,False,False,383,383,1533,1539,1531,1525,64:5632/64/24,64:5632/64/24,42.58528232574463,,,5,20,12.0,0.27559909224510193,0
global_ignore,5007,3,0,2,deepep_high_throughput,192,2048,768,128,64,8,torch.bfloat16,20,100,1452.9747009277344,1452.9747009277344,1452.977294921875,1452.977294921875,True,7,5007,5007,5008,192,383,383,True,True,383,383,1533,1539,1531,1525,64:4096/64/0,64:4096/64/0,46.717119216918945,,,5,20,12.0,0.27559909224510193,0
baseline,5007,3,0,2,deepep_high_throughput,256,2048,768,128,64,8,torch.bfloat16,20,100,1539.7319030761719,1539.7319030761719,1539.7109985351562,1539.7319030761719,True,7,5007,5007,5008,256,510,509,False,False,510,509,2031,2065,2049,2007,64:6208/64/33,64:6144/64/32,44.28671836853027,,,7,27,16.0,0.2637803554534912,0
global_ignore,5007,3,0,2,deepep_high_throughput,256,2048,768,128,64,8,torch.bfloat16,20,100,1462.5392150878906,1462.5392150878906,1462.5375366210938,1462.5392150878906,True,7,5007,5007,5008,256,510,509,True,True,510,509,2031,2065,2049,2007,64:4096/64/0,64:4096/64/0,42.285118103027344,,,7,27,16.0,0.2637803554534912,0
baseline,5007,3,0,2,deepep_high_throughput,320,2048,768,128,64,8,torch.bfloat16,20,100,1675.2554321289062,1675.2554321289062,1675.2265930175781,1675.2554321289062,True,7,5007,5007,5008,320,638,636,False,False,638,636,2546,2574,2558,2514,128:10752/64/20,128:10752/64/20,42.2492790222168,,,11,31,20.0,0.2213241308927536,0
global_ignore,5007,3,0,2,deepep_high_throughput,320,2048,768,128,64,8,torch.bfloat16,20,100,1645.8265686035156,1645.8265686035156,1645.8338928222656,1645.8338928222656,True,7,5007,5007,5008,320,638,636,True,True,638,636,2546,2574,2558,2514,128:8192/64/0,128:8192/64/0,41.40416145324707,,,11,31,20.0,0.2213241308927536,0
baseline,5007,3,0,2,deepep_high_throughput,384,2048,768,128,64,8,torch.bfloat16,20,100,1691.0453796386719,1691.0453796386719,1691.0595703125,1691.0595703125,True,7,5007,5007,5008,384,765,764,False,False,765,764,3070,3074,3050,3038,128:11264/64/24,128:11264/64/24,40.865278244018555,,,12,36,24.0,0.21111424267292023,0
global_ignore,5007,3,0,2,deepep_high_throughput,384,2048,768,128,64,8,torch.bfloat16,20,100,1635.6895446777344,1635.6895446777344,1635.7107543945312,1635.7107543945312,True,7,5007,5007,5008,384,765,764,True,True,765,764,3070,3074,3050,3038,128:8192/64/0,128:8192/64/0,42.042880058288574,,,12,36,24.0,0.21111424267292023,0
baseline,5007,3,0,2,deepep_high_throughput,448,2048,768,128,64,8,torch.bfloat16,20,100,1701.9424438476562,1701.9424438476562,1701.9967651367188,1701.9967651367188,True,7,5007,5007,5008,448,890,892,False,False,890,892,3621,3547,3499,3589,128:11776/64/28,128:11904/64/29,44.23840045928955,,,15,42,28.0,0.18707434833049774,0
global_ignore,5007,3,0,2,deepep_high_throughput,448,2048,768,128,64,8,torch.bfloat16,20,100,1649.453125,1649.453125,1649.4248962402344,1649.453125,True,7,5007,5007,5008,448,890,892,True,True,890,892,3621,3547,3499,3589,128:8192/64/0,128:8192/64/0,41.04095935821533,,,15,42,28.0,0.18707434833049774,0
baseline,5007,3,0,2,deepep_high_throughput,512,2048,768,128,64,8,torch.bfloat16,20,100,1759.1282653808594,1759.1282653808594,1759.2083740234375,1759.2083740234375,True,7,5007,5007,5008,512,1018,1020,False,False,1018,1020,4128,4064,4016,4096,128:12288/64/32,128:12288/64/32,41.62655830383301,,,19,47,32.0,0.17451803386211395,0
global_ignore,5007,3,0,2,deepep_high_throughput,512,2048,768,128,64,8,torch.bfloat16,20,100,1671.9232177734375,1671.9232177734375,1671.895751953125,1671.9232177734375,True,7,5007,5007,5008,512,1018,1020,True,True,1018,1020,4128,4064,4016,4096,128:8192/64/0,128:8192/64/0,42.41055965423584,,,19,47,32.0,0.17451803386211395,0
baseline,5007,3,0,2,deepep_high_throughput,640,2048,768,128,64,8,torch.bfloat16,20,100,1751.9596862792969,1751.9596862792969,1752.0687866210938,1752.0687866210938,True,7,5007,5007,5008,640,1272,1276,False,False,1272,1276,5141,5099,5035,5109,128:13312/64/40,128:13312/64/40,41.502718925476074,,,26,55,40.0,0.15755704045295715,0
global_ignore,5007,3,0,2,deepep_high_throughput,640,2048,768,128,64,8,torch.bfloat16,20,100,1679.1545104980469,1679.1545104980469,1679.1619873046875,1679.1619873046875,True,7,5007,5007,5008,640,1272,1276,True,True,1272,1276,5141,5099,5035,5109,128:8192/64/0,128:8192/64/0,52.847042083740234,,,26,55,40.0,0.15755704045295715,0
baseline,5007,3,0,2,deepep_high_throughput,768,2048,768,128,64,8,torch.bfloat16,20,100,1857.4620056152344,1857.4620056152344,1857.5053405761719,1857.5053405761719,True,7,5007,5007,5008,768,1527,1532,False,False,1527,1532,6155,6133,6061,6123,128:14336/64/48,128:14336/64/48,62.80640125274658,,,31,70,48.0,0.14028701186180115,0
global_ignore,5007,3,0,2,deepep_high_throughput,768,2048,768,128,64,8,torch.bfloat16,20,100,1717.8370666503906,1717.8370666503906,1717.8367614746094,1717.8370666503906,True,7,5007,5007,5008,768,1527,1532,True,True,1527,1532,6155,6133,6061,6123,128:8192/64/0,128:8192/64/0,40.75007915496826,,,31,70,48.0,0.14028701186180115,0
